-51.6203226885212,10.126241320067606,2.1779793763366366,6,0,0,-138,158,
-43.498248402089544,18.530783388050054,2.099499771799512,10,0,0,-618,150,
-109.10979163433288,102.48747497662896,-0.2354895934049454,11,0,0,229,600,
-110.60720880325516,214.53976459507703,0.08385878449518838,12,0,0,176,600,
-39.85635215856311,367.75483767794503,0.5933151637289178,13,0,0,74,450,
-17.093731260130607,404.49859097424223,0.7005408470363504,14,0,0,72,327,
1.8774069697818856,402.87244787364284,0.7995546724812106,15,0,0,-6,287,
18.504895251194043,422.1909685880498,0.8380834471059638,16,0,0,-10,211,
29.973111762957387,418.66437732297845,0.8652841664802178,17,0,0,-73,196,
40.495868452201506,438.58652610165404,0.8289486619374432,21,0,0,-960,150,
53.60788943201869,298.658674907291,-2.968847128389177,22,0,0,440,600,
-8.853255151966167,214.3488719366569,-2.4318520388303173,23,0,0,359,600,
-171.4520396641283,180.95019694291182,-1.5764215396717622,24,0,0,241,420,
-206.532476913436,180.88192234982535,-1.352931558985884,25,0,0,234,348,
-234.69775684417564,195.09755622258422,-1.1204444045492348,26,0,0,208,266,
-251.88031407637922,202.20049708119063,-0.9374399776973621,27,0,0,199,226,
-265.6790720383283,216.03923665224625,-0.7658663829879085,28,0,0,190,175,
-273.6524956930472,225.00264810987505,-0.6009438553398944,32,0,0,953,150,
-299.2245631030091,98.56974990929882,-2.670919233689027,33,0,0,-574,600,
-234.67186839782792,-76.90155812272656,3.026589702740759,34,0,0,-591,600,
-72.06740302031065,-176.49665235606176,2.3904894126998033,35,0,0,-668,572,
104.57593139481963,-132.36669733436793,1.5945522172606492,36,0,0,-754,506,
163.69863076445068,6.853219463036339,0.6585986646797658,37,0,0,-757,492,
-18.472317797840752,98.50901839589505,-0.8278313011915623,38,0,0,-833,301,
-63.824547956385686,43.08513133668714,-2.048650126847134,39,0,0,-690,231,
-51.21783295148337,-2.2583173076806133,-3.065895999210307,40,0,0,-564,154,
-25.49099034329447,-19.43569401999673,2.3661921820970937,44,0,0,-725,150,
-118.00553325522469,59.58744312124395,-0.3992943344413209,45,0,0,276,600,
-130.7423511377126,177.95790181189636,-0.009372222921925867,46,0,0,203,600,
-60.974768248527255,333.45826921082926,0.6162577646548594,47,0,0,48,568,
4.159186982550274,393.7443236587453,0.8098098935194377,48,0,0,-36,303,
39.267547898158256,441.3768238433472,0.848063506772045,52,0,0,-969,150,
139.91367535734483,509.1330978518215,0.99164192950655,53,0,0,-1026,600,
-211.79244504690334,673.6606054707358,-0.8962747518810263,54,0,0,-695,600,
-385.16918603421084,525.1672033600241,-1.6116711551360756,55,0,0,-645,600,
-472.4643694394394,292.5377459838978,-2.3024841757730923,56,0,0,-770,589,
-421.54292988290257,139.10532154826228,3.108639300777682,57,0,0,-762,591,
-257.489916245397,102.84489172371593,2.272308884816418,58,0,0,-795,514,
-128.59019188555396,222.19910218885684,1.2931443377369947,59,0,0,-844,471,
-145.05020057686988,315.97515484615974,0.1496470732449727,60,0,0,-678,416,
-222.70723695261773,352.73928814114265,-0.7509107665086171,61,0,0,-597,289,
-279.79567652351693,318.6055592223329,-1.5970031955378374,65,0,0,-755,150,
-157.22177197490018,363.646684564932,1.8247234001665549,66,0,0,303,600,
-70.24350195170649,310.2177658329649,2.246641975797931,67,0,0,224,600,
-10.420258273951053,161.43117052656817,2.932019434162983,68,0,0,48,485,
1.5158475142708951,84.70870725655584,3.0868020763695467,69,0,0,24,254,
0.41907345890824566,30.332416740357417,-3.081327417961029,73,0,0,-1016,150,
27.559894050414215,-87.51041440595156,3.0329533239413298,74,0,0,-986,600,
279.0610639095023,121.88169949124472,1.326914491973303,75,0,0,-623,600,
360.81441378732046,312.3365873321743,0.6704401469272326,76,0,0,-581,600,
310.5257169040604,416.18879213928767,0.13877217008777978,77,0,0,-496,600,
221.81523779999597,623.2521471109658,-0.2613674661090076,78,0,0,-698,600,
37.594841291221975,700.1777897098887,-1.0329668873923337,79,0,0,-749,600,
-123.23206635088138,632.5070447607986,-1.8424030173231125,80,0,0,-724,600,
-166.24107280294987,456.8643642517691,-2.6232347795034046,81,0,0,-716,600,
-68.66108531786833,284.2566656034944,2.868657127978023,82,0,0,-744,600,
115.04784162088,236.77266787344615,2.0672398534847902,83,0,0,-753,600,
263.7453070189657,333.6330128870504,1.2077212844089487,84,0,0,-721,600,
279.1666964968002,460.1536318381641,0.4276351842888376,85,0,0,-649,600,
204.04814250700875,734.3182109119798,-0.19654674529678703,86,0,0,-824,600,
9.659282931113427,710.7820596772776,-1.1990932486034203,87,0,0,-729,600,
-136.82920910897806,597.7834654404423,-1.972550498290678,88,0,0,-729,600,
-151.6636480254939,412.2993591203099,-2.762107103188762,89,0,0,-736,600,
-28.753586164050912,278.4626038913693,2.7334075183372675,90,0,0,-754,600,
161.51252970807192,257.81228906274714,1.918277969757758,91,0,0,-776,600,
289.28500695294224,389.209192739321,1.0548037099566798,92,0,0,-757,600,
266.5872199298509,553.5819737192335,0.2164433480603453,93,0,0,-728,600,
134.89174776882524,782.2148599933289,-0.5273263195496841,94,0,0,-802,600,
-59.142540362190836,764.27149120853,-1.4511503445908887,95,0,0,-701,600,
-173.06917881812726,522.6534040038516,-2.143312471197224,96,0,0,-786,600,
-137.06598217238212,372.8927892058605,-3.0621036820037273,97,0,0,-698,600,
16.207960171013585,264.22451065019527,2.5189943457956794,98,0,0,-756,600,
199.16130878786697,293.75527927096005,1.6582798976653275,99,0,0,-764,600,
292.7089734443681,445.8891230211559,0.8124928370406078,100,0,0,-757,600,
227.05153046902763,591.9225841959774,0.03465438189516064,101,0,0,-753,597,
56.61735131546221,698.2300380224021,-0.8121010618331501,102,0,0,-795,600,
-113.01350953056684,689.0392871569022,-1.6856552364597608,103,0,0,-717,600,
-184.26151205797228,498.4970084641459,-2.4175237069886064,104,0,0,-729,600,
-105.84257235785876,314.70861594790654,3.033578776591224,105,0,0,-730,600,
72.49327862756033,241.9234623267091,2.2760061129569324,106,0,0,-763,600,
240.98289173388403,299.5294925480857,1.47231588156449,107,0,0,-753,600,
302.24740630118015,487.8237092976367,0.6244543975674179,108,0,0,-756,600,
210.48485145386385,631.1988817883919,-0.13259737764092622,109,0,0,-762,600,
26.288188103267515,723.3388161809585,-0.9875472813963164,110,0,0,-774,600,
-133.7618607032387,657.9953864638776,-1.822934466483505,111,0,0,-715,600,
-175.46676375953615,425.5542942200168,-2.5597917231249894,112,0,0,-778,600,
-64.14591528934088,288.51014102565796,2.834230033058728,113,0,0,-734,600,
123.45822094335131,247.7864755193907,2.0651748765684297,114,0,0,-768,600,
270.90638193877254,348.4244910798948,1.219580324265368,115,0,0,-748,600,
288.35969527339233,525.4968201098368,0.440237854782639,116,0,0,-752,600,
174.01811372266258,700.0697912228795,-0.3286742206212873,117,0,0,-795,600,
-17.967049209622633,780.228812924398,-1.2299073016155357,118,0,0,-729,600,
-159.48854781991122,604.0157890733392,-1.9509853295747253,119,0,0,-745,600,
-171.79583456385404,424.50058071386934,-2.756076452304038,120,0,0,-715,600,
-47.82841735009228,266.2790961098042,2.7628465468743113,121,0,0,-748,600,
140.91757668479798,243.53896969929838,1.9763014350835244,122,0,0,-761,600,
277.85195430227,354.51742387473746,1.1341572412754048,123,0,0,-732,600,
279.16759349174487,519.4775857860018,0.3671486152426678,124,0,0,-722,600,
166.54910516742459,718.4889298121416,-0.35977130904359306,125,0,0,-803,600,
-25.749464270705385,791.4824361576439,-1.2863953182368477,126,0,0,-714,600,
-170.681602265809,625.7463028783432,-1.95813817283649,127,0,0,-727,600,
-188.28450278964692,421.48689714442,-2.7233736256148466,128,0,0,-726,600,
-71.34284016047806,260.3533494657145,2.8081359803233483,6,0,0,22,600,
-45.865328977617715,173.19716254607897,3.0061519948765727,7,0,0,-41,538,
-37.71347242108585,21.306107858983523,-3.0514209651439743,11,0,0,-999,150,
1.9326059729724392,-106.08336308159141,3.0133453119329348,12,0,0,-966,600,
206.31201949597488,87.00365834293689,1.2992338086425494,13,0,0,-547,600,
303.13657088785305,234.06585842957452,0.8494475885700767,14,0,0,-543,600,
320.94675035906613,408.16367717793696,0.40612430016877327,15,0,0,-578,600,
249.34510087681954,587.0351206339358,-0.042567322201618726,16,0,0,-701,600,
80.51890133120943,698.560417843695,-0.7873119748460335,17,0,0,-768,600,
-93.638925116139,692.1525933580413,-1.6239271309391883,18,0,0,-717,600,
-173.0973498039111,509.10075912450543,-2.3664367478348973,6,0,0,-368,600,
-219.74298454685544,396.84085056220806,-2.4773656142060765,7,0,0,-390,600,
-241.63147756867158,260.74933452986943,-2.8062013042851754,8,0,0,-361,600,
-251.36019327450538,147.42700113138721,-2.888074944459619,6,0,0,-431,600,
-246.94804849678664,36.5478250749394,-3.015661019453635,7,0,0,-517,600,
-21.58862591400041,-128.11979147883005,2.654669153732828,8,0,0,667,390,
-97.02186388502156,-231.82090818927077,-2.282393172263196,9,0,0,893,600,
-218.9324525278953,-32.75972944443379,-0.24751307903806977,10,0,0,557,600,
-44.476356674970894,136.45671428827313,1.1475996082770021,11,0,0,560,431,
59.18496500575129,46.247603152845045,2.3612975432179093,12,0,0,667,225,
27.700367338693532,-26.50759654820922,-2.6329036770861975,16,0,0,905,150,
143.12474944786638,-7.62376445130235,1.6060962122042062,17,0,0,667,600,
178.34605929932755,-258.95299631210867,-3.0556752901969255,18,0,0,969,600,
-45.25390338111298,-152.6057517588415,-0.9085321621693455,6,0,0,399,478,
-69.17308170330695,-111.81290000042213,-0.5024862195308224,7,0,0,352,394,
-74.68102479556333,-75.31117798263858,-0.14737175335328817,8,0,0,310,318,
-71.17227815422649,-43.85507886150435,0.15324702764699935,9,0,0,288,251,
-61.98414721450823,-10.938894778304984,0.4299237271402771,10,0,0,322,189,
-50.959513950639746,3.009713433145521,0.713012409074359,11,0,0,306,153,
-37.55635679507157,12.379074908585267,1.005065123582854,15,0,0,667,150,
-126.49963769200826,-116.10053249814189,-2.123783026233406,16,0,0,815,600,
-253.224836246274,66.84528971720704,-0.3352931928417574,17,0,0,336,600,
-253.34364360526567,192.3870129967313,0.13564944334584303,18,0,0,241,600,
-152.3971189803985,353.55750006826383,0.8356450405672008,19,0,0,83,600,
-61.87596094202381,406.70020786487135,1.0906430347465035,20,0,0,9,438,
7.517171416940272,463.92746357552096,1.2228227703363368,21,0,0,79,187,
40.68408426160275,449.4842593475755,1.4132361858382827,25,0,0,931,150,
186.45478425443818,368.5536899618171,2.044750307753915,26,0,0,822,600,
78.03412389232705,171.68483449048085,-2.425354730269243,27,0,0,378,600,
-25.344030227162264,129.53695688886967,-1.9363155517486181,28,0,0,295,600,
-192.2540827165948,152.0212701877217,-1.1868537337295106,29,0,0,192,443,
-227.53765436097186,170.67541401674566,-0.9777034343170615,30,0,0,176,341,
-247.43120971316614,184.38432298770203,-0.773211611213238,31,0,0,151,281,
-268.9168277854768,231.82190265967392,-0.6288091789937731,35,0,0,970,150,
-312.78697047417705,74.64939573899619,-2.41707145342109,36,0,0,667,600,
-496.7537812879663,99.75935672159437,-0.9124122439480065,37,0,0,894,600,
-351.8545462242666,318.8093211096441,1.0525299382096944,38,0,0,418,600,
-244.19806916208856,351.21362832377645,1.628272592869071,39,0,0,302,600,
-117.34283088366249,276.0307311695949,2.42077259895285,40,0,0,106,600,
-59.17328406283935,185.0517693413865,2.693010923269835,41,0,0,46,583,
-17.6101197116858,17.40091337292006,3.053520944806922,45,0,0,667,150,
-66.94434863709459,156.03289659096276,-0.037448780324116464,46,0,0,149,600,
-50.912133705770614,264.15034413997864,0.2599733696508812,47,0,0,89,600,
38.06469988775105,428.4389363403993,0.7331795683555562,48,0,0,667,158,
93.04679257056611,375.25271089695616,2.0077291754373228,49,0,0,667,295,
88.54586210419023,278.16208046618885,-3.00372431500806,50,0,0,968,581,
23.78775145549023,582.0981178164966,0.19968650962976678,51,0,0,851,361,
142.79501724827617,583.0546823459067,1.9053858410389677,52,0,0,605,403,
155.99684377129537,446.55980573950296,-3.1401592383940797,53,0,0,614,270,
80.61232260962771,417.1854509396753,-1.9464203796936124,54,0,0,580,164,
32.58949265323603,492.3747610256439,-0.834033647685143,58,0,0,667,150,
152.03402786565414,377.64356669459244,2.3786086811328193,59,0,0,698,600,
10.452579149467017,212.30244755728336,-2.2303032871368544,60,0,0,289,600,
-103.06165303357926,187.08920161262904,-1.7854159759405346,61,0,0,225,582,
-261.3653962072898,212.29647140425072,-1.1104428183954662,62,0,0,286,188,
-274.64344987650446,226.4774762290806,-0.8261143701452538,66,0,0,1029,150,
-414.5263599760136,187.2232336592033,-1.3712593488862832,67,0,0,667,600,
-427.6900228628281,456.13968549756873,0.24239235198389142,68,0,0,715,600,
-195.77206438238616,486.85841703353435,1.929595135863141,69,0,0,277,600,
-104.39253471879451,389.38039674769516,2.360213984707602,70,0,0,173,600,
-51.068572636036016,227.9532792851835,2.9922101637678318,71,0,0,667,600,
-273.9063012434711,113.91708614738661,-1.6761139872089175,72,0,0,667,600,
-348.3999436722447,311.5466050456812,-0.087236302964133,73,0,0,796,600,
-118.05817186829287,371.9128962677064,1.8284433033633685,74,0,0,335,600,
-28.71400811043828,303.47537104777666,2.303464864144312,75,0,0,248,600,
13.239811716373534,131.08632717440048,3.0709022425988164,76,0,0,57,395,
13.49638264927945,97.52962665362134,-3.108638646090743,77,0,0,35,295,
12.994118623879366,73.55587212033572,-3.0676779410160364,78,0,0,34,224,
10.679519207030484,56.71909621954296,-3.0248291396882196,79,0,0,23,173,
9.083931566789701,40.41073086511824,-2.995845867289036,83,0,0,1045,150,
68.73944300004547,-109.00877971868465,2.8853682485500176,84,0,0,667,600,
-137.8266669976725,-232.69648840354205,-1.7965917214138971,85,0,0,694,600,
-229.4767358604134,-20.9073926794739,-0.13076555319295322,86,0,0,226,600,
-214.00506387374466,98.47011467865718,0.26614745303696064,87,0,0,128,600,
-122.04823533387926,261.9470923864776,0.7939856585576355,88,0,0,667,600,
74.9016280391304,114.65793133839247,2.4049884608769143,89,0,0,667,600,
-65.00392437075826,-81.40754040807724,-2.23600961405657,90,0,0,825,600,
-203.44214202612832,106.64330355010713,-0.3391854110681514,91,0,0,327,600,
-201.32455128509207,217.28187124325473,0.12937104479064926,92,0,0,230,600,
-95.20343531283746,378.34255618591806,0.8777316339717365,93,0,0,60,566,
-7.722597621198699,420.64967427973124,1.1275357911590302,94,0,0,667,276,
19.487947864141482,264.1793904114668,-3.1125150390592458,95,0,0,667,600,
-220.98814190464734,219.32877924182412,-1.4975435249316777,96,0,0,785,600,
-202.16726914074937,454.36239940668224,0.3642183761205043,97,0,0,382,600,
-121.01890246542908,563.8196892576534,0.9012650331031767,98,0,0,375,600,
54.43698170491145,521.257552438756,1.9456280770323076,99,0,0,303,158,
65.95372478913106,508.4213776596084,2.1995648462115156,103,0,0,637,150,
-69.38225093230932,491.48325494920414,-1.0247215160457268,104,0,0,667,600,
-4.627768255133276,655.4424473975341,0.5339153346452857,105,0,0,667,600,
217.6517824131883,641.116868800329,2.1338741261033896,106,0,0,646,600,
159.39622651620286,457.9646187727167,-2.61288392840117,107,0,0,214,600,
81.80725962111771,404.6325459395607,-2.199220501841216,108,0,0,92,600,
-75.51861024306797,339.84089515245705,-1.717970145081265,109,0,0,667,600,
-164.10593034719537,491.0973199009552,-0.12184683248841374,110,0,0,667,600,
44.694114681830534,658.2938801742521,1.456027485657307,111,0,0,794,600,
78.36867198959717,399.7875024737989,-3.027768718122603,112,0,0,372,600,
23.670000296878705,321.13611785934177,-2.4881355742939752,113,0,0,253,600,
-136.37456029459608,255.2242425657946,-1.739297155312695,114,0,0,98,425,
-171.56782918866517,237.63720785846522,-1.6060699615221057,115,0,0,120,334,
-202.89223675920437,243.66336579154859,-1.5251890666522612,116,0,0,111,239,
-225.20566310978737,256.4489603289328,-1.3852082965408046,117,0,0,42,163,
-234.32034409777384,240.54375742714,-1.3472625628952168,118,0,0,143,161,
-247.32384389210225,249.10540040334035,-1.2175279053859478,122,0,0,667,150,
-116.25886035497516,268.75746738157386,1.9348937613033756,123,0,0,266,600,
-31.99668395337475,191.07686252785606,2.3598167021829677,124,0,0,205,581,
13.633799385447158,36.77663544114648,3.033839951538814,128,0,0,667,150,
-42.973786511010324,164.83870277321807,-0.06442603586496473,129,0,0,139,600,
-29.18363120203461,251.09841642812444,0.24551342525876782,130,0,0,59,600,
48.49598614892756,398.01535907010225,0.6683044334455729,131,0,0,667,227,
122.72889367645811,373.74730545848934,1.9916273932669595,132,0,0,667,332,
117.27853970661317,264.2793992166546,-2.995110915052144,133,0,0,922,600,
-105.63629837935778,353.00482864710875,-0.953071672970819,134,0,0,644,600,
-42.606234743808486,570.2584159322571,0.5224951813843528,135,0,0,592,449,
96.43332202708822,579.2840755377015,1.858798193779375,136,0,0,509,336,
122.22271208378763,495.44575038014045,2.838432247403438,137,0,0,479,175,
70.88093483085115,467.6557780451767,-2.0690709664781943,141,0,0,667,150,
162.0576579677037,540.9196960452166,1.1269264107123202,142,0,0,1013,600,
-164.73235177199913,373.3341444499265,-1.5799392318499483,143,0,0,667,451,
-207.12594398850806,458.1302965735242,-0.14486325713776194,144,0,0,667,593,
7.061802960413004,693.3318806523948,1.4745068797125915,145,0,0,754,600,
49.32127581060118,346.8273948407236,-3.054849107598067,146,0,0,421,600,
-11.35568252747845,256.41350346883223,-2.465495236562391,147,0,0,319,600,
-186.6970694225524,213.76623918615974,-1.573295496961766,148,0,0,195,324,
-218.23251854797357,214.04108358313897,-1.3966639996162953,149,0,0,205,250,
-237.76403579290695,211.56278860047814,-1.171151871848637,150,0,0,201,219,
-253.10826172643834,220.17069444415142,-0.9713515225671933,151,0,0,183,174,
-262.8029008779496,222.65819078532036,-0.8038409940122714,152,0,0,177,157,
-271.87709226462476,237.16795713144552,-0.6370325601888858,156,0,0,975,150,
-320.8725165525996,116.10520215116946,-2.379831122958177,157,0,0,667,600,
-527.3403730730495,225.62239755768974,-0.7631883813455013,158,0,0,913,600,
-323.59312191352376,360.31981103027147,1.3431948164963425,159,0,0,356,600,
-216.229718446272,356.4143657478164,1.8804952341971852,160,0,0,239,600,
-107.01731443388852,256.14573841554557,2.6022351340656416,161,0,0,48,600,
-61.638264883689466,150.2979273841463,2.854360053660634,162,0,0,667,487,
-298.4647043419474,125.06301620135764,-1.18900723410273,163,0,0,667,600,
-270.29933802537005,365.7040583644955,0.4115000996768573,164,0,0,698,600,
-41.763786046759165,331.9717219135832,2.1221425514408967,165,0,0,298,600,
27.843695550805236,236.44293450856503,2.591594134873508,166,0,0,222,600,
30.27249289500461,55.77223302876462,-2.9692046765657762,167,0,0,108,190,
25.522936939642477,45.616829138388084,-2.85728678843917,168,0,0,75,157,
20.98219041692716,36.03821798835452,-2.7902052148837844,172,0,0,967,150,
136.0911430117476,42.77693682804647,1.7189860214928323,173,0,0,667,600,
151.92549528537754,-208.8606105701848,-2.947315801844983,174,0,0,942,600,
-62.17280859690111,-97.88845083155047,-0.8521325133146921,175,0,0,360,600,
-111.26231364185199,4.785591835697687,-0.32277918483099766,176,0,0,231,600,
-80.2899253323117,174.93172960026527,0.3595395036507629,177,0,0,36,600,
-31.87004844473082,269.59592779414334,0.6145644673177584,178,0,0,667,600,
116.26702868998191,-55.63243612047256,3.1191418095431493,179,0,0,1025,600,
-232.2372741118115,188.08674040554024,1.7776062460965931,6,0,0,158,600,
-131.86441410350218,165.14870078964782,2.000899593356907,7,0,0,156,600,
-11.588936619954701,43.325816000429995,2.46830081540287,11,0,0,667,150,
-120.27664778334679,127.97831022488481,-0.6397868595916567,12,0,0,382,600,
-148.55468198977113,238.79821313243178,-0.15215464877808182,13,0,0,302,600,
-70.5043289659214,405.09136897888925,0.5777089227038998,14,0,0,185,463,
-40.21345707775293,436.6416308727398,0.780849406954926,15,0,0,163,344,
-12.587205050286864,448.3578373687749,0.9663137386209094,16,0,0,112,255,
8.631948239053557,472.4031272222014,1.087151177012916,17,0,0,170,182,
23.806393595958,468.56814003983504,1.2519349511874736,21,0,0,961,150,
-56.012973004588034,594.117594007256,-0.4384508110670751,22,0,0,667,600,
129.81907986152382,716.8220017721255,1.016470837885172,23,0,0,956,600,
190.47816437966245,462.9966104892426,3.0986719513987344,24,0,0,409,600,
146.78916572614224,375.75176049056245,-2.653549840999849,25,0,0,282,600,
-14.538593225840724,309.1633850076039,-1.9020402069378288,26,0,0,65,600,
-130.67448235789877,285.5384657671582,-1.6904857284649641,27,0,0,12,440,
-213.5453602071929,264.23518631313436,-1.5696451670961244,28,0,0,46,192,
-246.87166094693447,242.26930399227422,-1.4626009511782465,32,0,0,667,150,
-306.1893429058212,88.46607765852957,-2.56687597283792,33,0,0,667,600,
-517.2330280783804,98.7054851957489,-1.066620055422442,34,0,0,942,600,
-371.43771701097364,355.08376440889606,1.0226304095874879,35,0,0,437,600,
-255.07648833359278,397.49146591606495,1.60368093540263,36,0,0,322,600,
-112.92651721473348,264.40756179797086,2.425249321460701,37,0,0,104,600,
-51.57137604332017,166.78151142470892,2.6713133759550716,38,0,0,57,524,
-11.585128864923412,9.976894764637336,3.0257227058953204,42,0,0,667,150,
135.17156857939665,-34.27342040039139,1.9791410521512331,43,0,0,667,600,
88.47443112049515,-276.4327598400173,-2.7407533196905103,44,0,0,905,600,
-110.56358443180622,-128.33061979506135,-0.6875237471940784,45,0,0,326,600,
-148.8330884289483,-8.718837413783945,-0.21763391774619575,46,0,0,215,600,
-100.53622443305099,170.61826972665403,0.42886858832245234,47,0,0,29,600,
-48.1464376523149,272.4822030291905,0.5942411651888858,48,0,0,667,600,
108.46632201191045,-87.93325674480161,3.040335222377895,49,0,0,667,600,
-124.22452477702089,-169.22218815759004,-1.652512369264093,50,0,0,649,600,
-193.88878033553843,57.9341614529103,-0.06663720628783246,51,0,0,211,600,
-179.65188908132092,198.7077388076027,0.2618940938243154,52,0,0,160,600,
-68.95480004880955,334.76179894941356,0.8438986478271243,53,0,0,667,582,
118.84771688718442,170.59921282944083,2.461015551655666,54,0,0,667,600,
-36.151661885506996,-20.92087565001657,-2.261242955934711,55,0,0,824,600,
-178.04070360786505,175.5096794459614,-0.3720373663968307,56,0,0,356,600,
-171.67904786587735,272.66343170378855,0.12030956407095386,57,0,0,254,600,
-60.21103787245766,442.53128878255234,0.8441863187824272,58,0,0,171,398,
-27.79698388692368,452.8709478207127,1.0316325390362757,59,0,0,119,296,
-2.497839418168626,469.8353868137874,1.1693201180902222,60,0,0,129,215,
16.546119886892907,488.77797301248074,1.2982937680921556,61,0,0,200,167,
32.688901469035905,491.7993297918358,1.4909041427732441,65,0,0,869,150,
-63.8150942263216,584.0958702457342,-0.5081589469485842,66,0,0,667,600,
122.37731497747322,731.8311058849426,1.052060942436094,67,0,0,935,600,
170.7002293131992,468.16905009563766,-3.093548053068552,68,0,0,371,600,
118.11471632084724,361.67800518231957,-2.5787591790395274,69,0,0,262,600,
-47.413185917087866,324.2111950987694,-1.8152296197769793,70,0,0,8,600,
-161.17906382321436,285.7412247152081,-1.6183735033703401,71,0,0,667,349,
-118.06607135725369,447.6587749476489,0.42985473030382904,72,0,0,667,600,
114.01595082591652,392.49187552560943,2.0934007075082497,73,0,0,774,600,
-13.879116308454698,198.365670441347,-2.3698073452676094,74,0,0,359,600,
-127.24179850170603,154.52127772011954,-1.876380256945834,75,0,0,325,573,
-284.574007729995,178.06325106834493,-1.0533707208780083,76,0,0,378,286,
-314.14229080754274,275.55735154807894,-0.2621644745548205,6,0,0,851,600,
-73.55416261083718,333.3125914305733,1.5923679363546628,7,0,0,444,600,
31.60702092223353,262.45259182935206,2.161650766151297,8,0,0,367,600,
66.99025208040163,66.55521951594505,3.0655788385438507,9,0,0,288,283,
61.91758928351123,53.13427350354334,-2.9397211064005226,10,0,0,220,245,
51.831640254190184,24.846436888567155,-2.716505017460616,11,0,0,233,172,
41.22059559689818,13.85218026869427,-2.4978395263767377,15,0,0,853,150,
163.87267783851462,30.812754766067314,1.5733305656157197,16,0,0,667,600,
209.59627924250665,-221.80668648418566,3.138973432030446,17,0,0,981,600,
-13.350044924488792,-125.11630770061072,-1.031872122763253,18,0,0,390,600,
-78.19349478569038,-29.366976842656186,-0.5058607196661938,19,0,0,264,600,
-66.51801537331555,164.37043291126702,0.22331094450604055,20,0,0,65,600,
-26.96863220745734,272.5824853322872,0.45892065788708997,21,0,0,667,600,
168.66610238864823,-65.14945613773659,2.8987203388703637,22,0,0,667,600,
-44.537777025662116,-153.3796546230775,-1.7849313115287382,23,0,0,655,600,
-141.2576440431879,69.23031926536191,-0.16640690905105582,24,0,0,216,600,
-130.80055028200567,187.214937841934,0.19862736728119,25,0,0,139,600,
-38.63863695739195,332.6002643762847,0.7250400202904903,26,0,0,667,526,
143.58264550914552,206.48453369868503,2.352662252544111,27,0,0,667,600,
4.129852175384112,10.180900615837913,-2.3098400044126968,28,0,0,817,600,
-144.89649658285526,193.47645383405074,-0.3803030897099157,29,0,0,346,600,
-145.96754021305517,318.15570770810245,0.11222097311917546,30,0,0,281,600,
-21.97572599161793,471.94716628100855,0.9279746273560683,31,0,0,219,274,
3.4145782166659586,472.7330136534847,1.1687894610388856,32,0,0,144,198,
21.220908500497444,484.47517484659556,1.305527072994059,33,0,0,181,150,
35.79818985429463,482.6663993496918,1.4914075946226886,37,0,0,877,150,
-48.169509361763446,515.2661986450016,-0.399069251846408,38,0,0,667,600,
155.60067254548684,679.6417212801432,1.2157090163905644,39,0,0,914,600,
168.9805796212084,431.01120481539374,-2.900986904279071,40,0,0,330,600,
102.40161090904331,349.8927682585629,-2.393731553056713,41,0,0,208,600,
-71.25436216871464,325.2504597740294,-1.7058998917979724,42,0,0,667,600,
-146.48245132161858,523.0367192783895,-0.0435384870532627,43,0,0,667,600,
98.40392854494894,587.2302866140917,1.6384956890027724,44,0,0,792,600,
55.76713400771107,352.62623840504284,-2.6852194362366917,45,0,0,293,600,
-33.46833661293936,278.46722536015636,-2.1853825375400713,46,0,0,198,600,
-216.72655848256278,232.39324955270445,-1.5298861401527175,47,0,0,185,218,
-236.39051246688095,238.18083799573742,-1.315847859323589,48,0,0,152,161,
-249.1207053397008,236.84198102550886,-1.172951389854644,52,0,0,667,150,
-119.58805449810541,213.96763633122623,2.2353759755663156,53,0,0,132,600,
-43.67467152261811,121.86454751249335,2.570144594721186,54,0,0,76,388,
-15.088994701284413,52.56303146461346,2.8464254765681667,55,0,0,5,164,
-7.07712364746078,19.20518299096318,2.8901594957480103,59,0,0,667,150,
141.65939602206177,-18.310728173746043,1.9852741802178782,60,0,0,667,600,
69.8779726237031,-270.5104983635672,-2.5889964743975353,6,0,0,779,600,
-137.05056689221644,-116.06756200631753,-0.6698117075974499,7,0,0,513,539,
-44.22950056691603,96.1740127423551,0.6820147400129046,8,0,0,676,318,
58.38557498358178,47.569345168432164,2.1430809988029624,9,0,0,629,226,
40.71812432738015,-42.7332122867748,-2.81620660598806,10,0,0,685,177,
-29.20829538002974,-31.899595573774036,-1.3946501121926114,14,0,0,529,150,
107.11084915446045,44.31050223371324,1.4275360248013544,15,0,0,667,600,
165.92078460517396,-236.87056619416285,-3.1079038532722447,16,0,0,991,600,
169.39888171962986,131.15451767924037,0.4427989806223028,17,0,0,667,600,
400.8303881071627,-4.811289114586771,2.2556312500763513,18,0,0,667,600,
268.7376053235863,-205.83531308417594,-2.3334728478154254,19,0,0,682,600,
81.12068329026101,1.0760173997200582,-0.585100205551398,20,0,0,187,600,
44.94379410496182,111.23612619248934,-0.18199725810972445,21,0,0,83,600,
45.971010621145254,177.9992973681167,0.07490575974081022,22,0,0,2,600,
83.28930001351372,343.6385088593172,0.41035312234315774,23,0,0,667,384,
214.21474760753017,327.4435574398342,1.946376960472639,24,0,0,667,600,
144.87016756590657,53.87964774020338,-2.620476676103637,25,0,0,814,600,
-54.18220046465267,241.14585183000304,-0.5663211808463033,26,0,0,353,600,
-72.26304086630456,368.91396093981575,-0.01702359927560459,27,0,0,321,523,
37.045849141286716,504.283331956319,0.8629400869000694,31,0,0,667,150,
-76.26721264086163,390.0500752098335,-1.9280706287924783,32,0,0,667,600,
-189.46011623320615,617.3141330806268,-0.16127192068468513,33,0,0,667,600,
63.8182299163364,738.3752319396065,1.6054372092205949,34,0,0,723,600,
44.01118151968441,429.9960029144843,-2.802755599544582,35,0,0,259,600,
-33.701514380243836,344.14311447585465,-2.299669663314512,36,0,0,148,600,
-206.159600887705,257.02916351915223,-1.6586549252298775,6,0,0,0,600,
-322.8888244789578,255.155800356996,-1.5010946988040264,7,0,0,0,600,
-475.67875573266815,241.58595842195336,-1.1926990257905237,8,0,0,0,600,
-552.1760848964464,237.62169677252314,-0.9687334935980959,6,0,0,982,0,
-558.7061021885992,282.4161841100656,0.8056819840800753,7,0,0,411,600,
-455.4663559292872,346.27315218051103,1.3640624264263008,8,0,0,286,600,
-304.22506675202504,315.59141300392,2.1688896002602998,9,0,0,69,600,
-221.76478311167529,258.5159299622801,2.3969210755596806,10,0,0,12,600,
-124.79207681421354,127.81347628267804,2.7055522900650777,11,0,0,-169,536,
-78.70734915741056,37.69631449813062,2.767333092866539,12,0,0,-375,262,
-44.8707249684981,26.53459330004671,2.199046127298494,13,0,0,-47,156,
-22.677641018329297,13.510764867712737,2.1808832338094843,17,0,0,-991,0,
-59.80990784675678,-3.899747732890205,0.2984919821434809,18,0,0,-16,600,
-15.95795249065138,99.60142684268158,0.5305499895570153,19,0,0,-152,600,
48.22761869353086,232.25693941232294,0.5951461668402567,20,0,0,-253,600,
98.25516054958675,321.79958622412437,0.638848048033006,21,0,0,-415,455,
91.2341790043103,410.3030283822236,0.09141235385550216,22,0,0,-220,193,
80.92339652164651,449.56370829053367,-0.20721183329799603,26,0,0,-911,0,
76.306786989317,466.19395423192145,-0.6197351558589633,27,0,0,-726,0,
96.29048806950536,421.7927200798024,-1.8771023011224885,28,0,0,-36,600,
-12.009689356436997,419.27095110558207,-1.6449000358576673,29,0,0,-215,600,
-163.63067428488725,330.64021868562713,-1.7009679693894424,30,0,0,-170,381,
-198.94216393161025,353.6018019496305,-1.7831506800485903,31,0,0,-294,336,
-216.7629795161304,316.9845906791011,-1.9566131346703401,32,0,0,-122,223,
-237.18022890269665,324.1593047321994,-2.0191299312482287,33,0,0,-230,194,
-246.7213312796814,318.16748536445425,-2.164007690905806,34,0,0,-193,163,
-252.52830550490606,307.43382212031474,-2.2873021293966556,38,0,0,-771,0,
-273.2016001075089,300.29795518461447,0.48917392592463327,39,0,0,638,600,
-42.81105305292214,271.31909854069977,2.1460386110890677,40,0,0,280,600,
30.44159132819152,157.96016785800748,2.603515581510529,6,0,0,243,0,
30.596142360616263,149.0335985844274,2.8049959797200597,7,0,0,180,456,
36.7973353503492,107.5277647661411,3.0295049357600505,8,0,0,147,341,
34.93896624144592,78.68649310179421,-3.0610996998667916,9,0,0,112,258,
29.515333935636725,54.869212448627536,-2.9295583276840493,10,0,0,94,187,
25.74161535825577,43.42221360934366,-2.8259164965898633,11,0,0,73,151,
20.664463606147663,29.11942013103055,-2.7539647495455557,15,0,0,955,0,
15.997780008871008,52.68818265263678,1.8104263107729845,16,0,0,-842,0,
-11.102556256256747,36.37906901207975,0.22331319087052345,17,0,0,-20,600,
21.771984760931687,139.22069180297194,0.42365694441125895,18,0,0,-141,600,
75.05556736819727,313.1678733690983,0.5232017374011316,19,0,0,-280,0,
71.08404970834383,300.73500238578026,0.2935405450492856,20,0,0,-152,510,
92.58261026733888,394.23173103236377,0.37483796295231997,21,0,0,-335,0,
89.52051382539693,376.5169043700214,-0.20808129482255866,22,0,0,-2,289,
83.52101244948383,402.93743712896367,-0.1718178900324175,23,0,0,-17,208,
80.24113946686992,423.1190452478238,-0.1327617783912196,27,0,0,-918,0,
109.50211221009633,433.77253450046555,2.0529748255399114,28,0,0,755,0,
106.60575194366763,403.37185531982936,-2.8597075463843726,29,0,0,321,0,
106.457581316935,412.74184315411276,-2.5605051920086974,30,0,0,214,600,
19.388793521948678,345.291388450815,-2.172318577406602,31,0,0,121,600,
-150.69903658043106,288.391611663259,-1.6239451565555854,32,0,0,-34,382,
-182.24080749405027,276.47376308380854,-1.5766679155681398,6,0,0,-1074,0,
-175.71920415800332,340.3695001431163,1.844802446243725,7,0,0,273,0,
-169.6976642290267,316.09017785772085,2.087423221460334,8,0,0,187,600,
-88.72596152352202,256.63631697369533,2.433823310822854,9,0,0,125,600,
-32.10047255952802,82.0857851043628,3.0137763978259438,10,0,0,-122,264,
-27.733889081576464,61.53144778330534,2.9774861777846486,11,0,0,-130,202,
-22.782468258597653,48.832124310317795,2.9092614414269113,12,0,0,-102,162,
-19.137748050621266,33.4369360633591,2.8814003084498707,13,0,0,-130,150,
-14.302217289458406,24.07029466608344,2.8119254986894346,14,0,0,-103,150,
-9.790833738066596,18.264782711260978,2.755734094044997,15,0,0,-53,150,
-5.478764960898735,10.131189488661562,2.7610117208093525,19,0,0,-1300,0,
-11.686705463881847,12.919945053589345,2.0570306197727577,20,0,0,-941,0,
-45.20593765067818,5.645566766719298,0.3432525489006372,21,0,0,-51,600,
-1.6664124945955656,101.67734201579947,0.5308139106574827,22,0,0,-170,600,
53.95839747295491,250.8505970413098,0.53387848543815,23,0,0,-232,600,
100.2637477603771,360.7717264095022,0.5736698679189235,24,0,0,-424,0,
94.4043220880821,338.8442364380801,-0.14559183162585249,25,0,0,-21,403,
88.24444742907326,379.19983567882764,-0.08567647345946998,26,0,0,-59,281,
86.12402949780406,399.213831874006,-0.07044882585876927,27,0,0,-80,221,
82.54522816058454,416.7124945712635,-0.08665660981061865,28,0,0,-77,167,
80.15257073373945,418.7601545900029,-0.10072178704876074,29,0,0,-52,159,
78.94048821097235,443.93463927013613,-0.10525693107173892,30,0,0,-119,150,
76.9605828971143,446.2475022369599,-0.14823536238438412,31,0,0,-77,150,
72.7859907945867,456.1869673483511,-0.1989415366305029,35,0,0,-927,0,
98.70963540726547,476.6344308389987,1.9539486600760303,36,0,0,754,0,
99.79589167745343,454.6501831514074,-2.9549876410830733,37,0,0,312,0,
97.01135268892313,445.6723359840271,-2.675718258338464,6,0,0,-126,600,
52.22496543568706,366.335395020762,-2.5811055357363593,7,0,0,-209,0,
54.59779290345298,369.00404607450173,-2.9277133264007307,8,0,0,-33,600,
22.99959136428066,266.08307947008143,-2.731601089890362,9,0,0,-162,600,
-20.34674436059879,104.40933842065658,-2.710337450228454,10,0,0,-312,0,
-17.765302308204674,110.45348750692733,-2.961128306000321,11,0,0,-170,0,
-17.176148883946794,104.66965914782327,-3.080988320810377,12,0,0,-112,318,
-16.63629335307715,90.44932298487129,-3.1148784789084405,13,0,0,-104,276,
-15.417405518960786,66.65763569818898,-3.134037344262558,14,0,0,-117,205,
-13.676232932871994,46.83589671367645,3.1063864008356394,15,0,0,-124,150,
-12.05907278990116,33.7004714355063,3.0191186525041345,16,0,0,-111,150,
-9.533926326828155,25.147073013272575,2.953101344784284,17,0,0,-87,150,
-6.278819163876873,13.20887548070607,2.923491799408274,21,0,0,-1380,0,
-18.03843723245425,29.010334301123066,1.7367918712102965,22,0,0,-771,0,
-45.25830678978522,13.553712042678058,0.363872472989994,23,0,0,-59,600,
-1.0953718574909583,108.40481136922062,0.5388029128756233,24,0,0,-173,0,
-3.8339794392395063,115.83369238154194,0.25589137090231195,25,0,0,-26,600,
32.44967785857316,221.23457232178203,0.46856648657882494,26,0,0,-161,600,
76.71082493509107,340.27821756434446,0.4992274029276678,27,0,0,-278,0,
76.79068858758495,366.2448851754111,0.2776869513830091,28,0,0,-175,0,
76.64987592071913,366.0095452573755,0.1679354676370229,29,0,0,-119,315,
78.73808200609636,389.78834232438953,0.1383430314578162,30,0,0,-127,245,
78.06471776268916,395.7610654221626,0.09736986976860006,31,0,0,-107,227,
78.53284211998698,425.3565546907412,0.05868981610879383,32,0,0,-129,150,
77.76095038058045,433.213950512662,-0.020918707567119343,33,0,0,-100,150,
75.74965549547883,443.37173995299554,-0.05727652591724045,34,0,0,-87,150,
74.65092380900353,445.5186467953383,-0.07267174905206451,35,0,0,-68,150,
72.54114225055164,444.250821128531,-0.09486371577026873,36,0,0,-13,150,
70.17560195942755,465.7225319787408,-0.08880724257349204,40,0,0,-994,0,
73.19932836062509,487.8998929004763,0.8206686451128723,41,0,0,-1471,0,
95.4507720044744,514.9127748092501,1.8267414632967356,42,0,0,770,0,
97.89279900715508,474.10290403536897,-3.033450185922004,43,0,0,324,0,
96.4007215153992,487.6428099443906,-2.767624185997821,44,0,0,225,0,
95.32138274954087,485.5494939754519,-2.5671995912865087,45,0,0,159,600,
14.218791069646251,412.5455560320627,-2.2657036813278486,46,0,0,83,600,
-39.330604875789966,379.16242661591195,-2.0387993697097007,47,0,0,16,600,
-201.13994443371269,316.4840778686853,-1.6840612284894991,48,0,0,-203,0,
-197.88554016698043,316.28754815077446,-1.8443054220239843,49,0,0,-113,270,
-219.71932386106837,313.2638598911444,-1.8600356428654823,50,0,0,-161,210,
-230.6985557881125,287.427698525044,-1.9810161069812404,51,0,0,37,150,
-241.3157955786924,280.38275662630826,-1.9496713349228387,52,0,0,59,150,
-255.8350324240566,289.29871332271114,-1.872653487011279,53,0,0,-176,0,
-259.20560751855396,318.2935853473307,-1.9937620508755411,54,0,0,-387,0,
-246.56069029167668,285.81298915301795,-2.3169429507840626,55,0,0,117,150,
-256.0688584585927,270.49328037156783,-2.1990562254894233,56,0,0,251,0,
-259.8490802028054,272.2573323689692,-1.9931190506091536,60,0,0,-955,0,
-285.5407304827462,279.21614222819335,0.05505748723352328,61,0,0,763,0,
-270.0636992880738,307.7502525905645,1.4895488951226596,62,0,0,311,0,
-265.61383765420356,307.21631141660646,1.7679148229561157,63,0,0,220,0,
-262.4294886763873,299.2051829493639,1.9358543214292796,64,0,0,162,600,
-167.93801315542586,251.57608198353,2.22949969123113,65,0,0,108,600,
-69.3651086816503,110.89926017296591,2.7189533012844613,66,0,0,-68,392,
-55.593682867434964,87.537865874624,2.73210850033365,67,0,0,-78,311,
-44.36058084214936,61.98951758705812,2.7388065779189734,68,0,0,-109,229,
-35.634215655398535,34.60008666873398,2.690618189272043,69,0,0,-175,0,
-36.50965425557442,49.204035712048835,2.5751048642754832,70,0,0,-36,184,
-28.733818545673234,35.59048500774372,2.5920604101397475,71,0,0,-65,150,
-22.42701797375039,29.482712384355523,2.5807715861249405,72,0,0,-45,150,
-16.30379364528355,18.401162160314584,2.5888924120789665,73,0,0,-86,150,
-10.160190076585033,8.559849370240613,2.54508527368111,77,0,0,-1187,0,
-9.852193392709527,13.570655626749499,2.44972878618872,78,0,0,-1139,0,
-48.73772240819591,-19.10524513180974,-0.5414321934922303,79,0,0,259,0,
-49.8641350110091,-6.414803033879593,-0.3190006360070689,80,0,0,188,0,
-49.869489425826444,-5.798886880312125,-0.17805450486900515,81,0,0,141,600,
-50.280353824169524,108.64475737220607,0.12213973753899887,82,0,0,66,600,
12.120961981135356,263.65583389954713,0.5602150207667249,83,0,0,-145,600,
66.9033472898519,356.6799997886517,0.6645800064222572,84,0,0,-322,0,
59.53332676125263,328.304539532533,0.11954363109844615,85,0,0,-25,428,
63.33440135852177,374.14070121024156,0.16929396902264573,86,0,0,-54,290,
66.79412940409534,401.73672737477364,0.1964721580445722,87,0,0,-80,207,
68.86173796752828,414.2290790112388,0.19311601644738008,88,0,0,-93,170,
70.59190434205877,433.0495957913015,0.16449865147424858,89,0,0,-99,150,
70.07067757721134,424.04933784379045,0.12288927379460789,90,0,0,-70,150,
71.59746302305692,444.5070744283912,0.09387630702474703,91,0,0,-90,150,
73.19193712710245,463.6823602579407,0.0709327600545109,95,0,0,-1070,0,
67.36360765201997,459.44478188927087,0.4914429395062693,96,0,0,-1279,0,
101.38959193245083,435.3502150713555,-2.984172234313065,97,0,0,336,0,
100.39875537174726,445.131175970301,-2.6753869558803767,98,0,0,226,0,
97.8420727812582,438.6283009637116,-2.49697516468992,99,0,0,170,0,
97.10170286117955,436.315266624234,-2.339603426292251,100,0,0,119,600,
3.8624931116777255,382.8139110934262,-2.0981322777527787,101,0,0,52,600,
-162.60648819685952,333.803433725642,-1.6796676337428853,102,0,0,-189,0,
-160.20480532399787,338.0388970600434,-1.8249174293818446,103,0,0,-127,401,
-193.31569033808807,328.8024525272351,-1.8323182641376337,104,0,0,-163,301,
-213.02456150787927,302.0216373258936,-1.9388583176647218,105,0,0,-28,211,
-228.17991658463313,288.6255706841712,-1.9079002006318346,106,0,0,10,154,
-239.1954276259425,281.9516893018233,-1.881991041499884,107,0,0,27,150,
-248.01196050589246,262.3295954842479,-1.850796014236423,108,0,0,212,0,
-250.42565738572264,264.59381337648074,-1.6583938265137748,109,0,0,133,150,
-262.6351995345822,261.6742923686202,-1.553022336471808,113,0,0,-1188,0,
-265.40922085179335,277.5445604299882,-1.7723097794905038,114,0,0,-1066,0,
-253.16578134852847,304.14097445429843,1.6875351671608578,115,0,0,253,0,
-252.89817220401238,311.0642594763451,1.9103830130011052,116,0,0,183,0,
-250.5482385062129,302.2558368151467,2.0379470777731634,117,0,0,137,600,
-166.38905025406203,258.59860160170774,2.352707489614565,118,0,0,72,600,
-79.48978883353121,99.09210449805778,2.8176979817911265,119,0,0,-176,0,
-80.77106100045424,105.58417332448687,2.683120786232296,120,0,0,-97,399,
-63.94524854880595,73.95150933324112,2.6715225790379837,121,0,0,-121,293,
-51.87141764852988,47.033885483544736,2.6333919857974912,122,0,0,-163,210,
-42.66723176839187,37.78324272318366,2.5490952252541814,123,0,0,-127,171,
-36.786238067045986,38.158465996736254,2.5039723742179962,124,0,0,-65,159,
-29.200175233689208,30.029907207419,2.487918621712389,125,0,0,-59,150,
-21.156251864051015,8.092830032305642,2.4912192138084683,126,0,0,-278,0,
-22.895206860907567,19.406461281003544,2.273727298158776,127,0,0,0,150,
-13.717091670634739,11.986068541631994,2.2921402892899243,131,0,0,-1057,0,
-9.092235461656514,-0.538296236959809,2.8119841490014434,132,0,0,-1324,0,
-50.42045511970025,-24.51385307478779,-0.7427560639556158,133,0,0,327,0,
-51.13374517335757,-20.068908882575556,-0.44644096626355784,134,0,0,229,0,
-51.49811615512453,-14.277631114770088,-0.2685506919801138,135,0,0,171,0,
-51.11312967098009,-18.78538572788716,-0.13652756584610562,136,0,0,126,600,
-49.801816157013036,99.76369576164802,0.14430268622817402,137,0,0,55,600,
11.701203999137089,249.47095543084015,0.5702476502957158,138,0,0,-158,600,
64.33005645674336,342.71434480843436,0.6556886650478697,139,0,0,-308,0,
59.90355308553442,347.6579767565895,0.16232677574887214,140,0,0,-43,370,
64.51255198346195,377.3121092183817,0.20933412536029825,141,0,0,-79,281,
65.74919028105444,377.63489812415605,0.20811060869791465,142,0,0,-85,280,
69.91615265039721,406.1582287329993,0.19979463923369675,143,0,0,-105,194,
71.24048687168602,431.61987211800374,0.14767556440309346,144,0,0,-98,150,
71.12050704950357,434.41031999878305,0.11046732544828179,145,0,0,-80,150,
71.46377458156323,436.8564086794024,0.07015141832125278,146,0,0,-67,150,
71.85339552659528,457.5339245834109,0.044296502457895265,150,0,0,-1051,0,
71.66921053152717,478.1111632803272,0.6158066995305514,151,0,0,-1359,0,
106.90448519808203,442.82689418168434,-3.0198546385797074,152,0,0,344,0,
104.87641783492523,446.87308574211784,-2.7003516533353205,153,0,0,234,0,
102.82390720219348,450.51248230922124,-2.5136210432111152,154,0,0,169,0,
103.63115712213403,451.60060680972947,-2.347363670566214,155,0,0,113,600,
9.620434506336093,386.75141414399627,-2.1182845248484643,156,0,0,57,600,
-156.2576245327429,342.4731116325313,-1.6890997018985965,157,0,0,-202,0,
-151.15237988516594,325.6330623740016,-1.8307457092830302,158,0,0,-68,409,
-187.0886489572532,335.27778224229473,-1.8255685668241404,159,0,0,-175,0,
-182.48670561181228,317.093838518178,-1.9552726341041633,160,0,0,-25,313,
-204.69347360288353,294.11700660034376,-1.903411288072475,161,0,0,17,226,
-223.70016511064276,298.50797198092664,-1.8573858332447064,162,0,0,-79,177,
-234.41917398468144,285.99846662472373,-1.8745883393461715,163,0,0,3,150,
-242.75032117509483,268.68500222993,-1.870025831473913,164,0,0,143,150,
-265.76076307328407,309.5005258606109,-1.740508793132983,165,0,0,-551,0,
-242.5259264418602,284.01972432863795,-2.673751074933413,166,0,0,266,0,
-246.18713258134534,280.85622707155403,-2.448785691221524,167,0,0,211,0,
-249.31980572764914,280.89644349854507,-2.2825635041756476,168,0,0,146,150,
-260.38049989599796,266.28628072928745,-2.163656923577853,172,0,0,-876,0,
-282.94397351718214,264.180588527852,0.15513872150321506,173,0,0,722,0,
-278.978872374743,341.69791673206737,1.496864337929916,174,0,0,320,0,
-274.91522744335964,333.6656322488759,1.7747229134494202,175,0,0,226,0,
-264.639987976707,299.6698313275281,1.9802829212531654,176,0,0,146,600,
-172.20972742495826,251.49477463673384,2.2466305985109543,177,0,0,98,600,
-77.45814797769037,109.46331904298813,2.7501203008981903,178,0,0,-112,402,
-62.27875958121379,83.3119863953383,2.728148843782128,179,0,0,-114,312,
-50.12156116823058,50.852034390105246,2.682765784835959,180,0,0,-160,214,
-41.08782843054297,47.75646632126268,2.604736733512578,181,0,0,-87,189,
-34.233137907714735,49.76794574880603,2.579419090397869,182,0,0,-20,181,
-26.545477787653898,29.080525231573347,2.6043048352261957,183,0,0,-101,150,
-18.7284591468939,6.110492583079008,2.5683037456122184,187,0,0,-1191,0,
-18.510192949682,11.72328843135881,2.415167372173044,188,0,0,-1113,0,
-57.61839850305693,-4.335376067125708,-0.5737983888204683,189,0,0,278,0,
-57.5430009249416,-10.456445505488773,-0.3397382429846117,190,0,0,199,0,
-58.09923975957425,-1.6076256452283815,-0.18678651057176512,191,0,0,150,600,
-59.02610605884354,109.3411855160706,0.11910042231535506,192,0,0,74,600,
6.732131707114675,250.7162435428445,0.5799184733665387,193,0,0,-151,600,
66.0737903812265,369.0155520669598,0.7043329011605469,194,0,0,-336,0,
58.40939909589927,352.0584398061692,0.14711610881294032,195,0,0,-28,358,
64.01753770763361,383.19344577519723,0.21575916507856388,196,0,0,-78,263,
67.47001749199654,403.6557319149822,0.22326927079805847,197,0,0,-98,201,
69.38590285711163,418.59581618126845,0.18086395034864083,198,0,0,-91,157,
69.16349494428056,417.2807703395872,0.14160238262518646,199,0,0,-69,160,
70.37459011502773,436.3233489745994,0.12224391195708995,200,0,0,-76,150,
70.10445546114858,451.80367101333786,0.08306899455377197,204,0,0,-1065,0,
69.94389625891259,476.73705977152144,0.6041966349477474,205,0,0,-1353,0,
101.57971926494002,425.3675677679619,-2.9936954151455275,206,0,0,347,0,
99.20549529113617,421.9033420309247,-2.676105135003363,207,0,0,243,0,
96.98805619861693,422.6337049065762,-2.4836358868811517,6,0,0,-216,0,
99.39176072733514,432.28259064602935,-2.665441721373252,7,0,0,-125,600,
51.509820408523346,342.87998271410993,-2.557803384359382,8,0,0,-217,0,
54.28640988103462,336.0782929398588,-2.9178238752178043,9,0,0,-32,600,
20.52312718672043,240.70238631460302,-2.6978734091633516,10,0,0,-179,0,
23.316187794545094,244.8464326480114,-3.0094612128172757,11,0,0,-19,600,
-1.6397941290458906,140.51416651590876,-2.8012098131220124,12,0,0,-176,0,
1.120517634435659,138.00658139920802,-3.08584253113592,13,0,0,-24,600,
-15.93389232027233,27.402798562592807,-2.8654791492209153,14,0,0,-401,0,
-13.647185547382788,35.7080244205182,2.7378928903552393,15,0,0,13,191,
-7.527661286806669,25.648291840837373,2.768000597338856,16,0,0,29,150,
-3.2031644695077564,12.717695604191704,2.806238258070641,20,0,0,-1325,0,
-11.40825535705606,25.96538655313327,1.8753184998453682,21,0,0,-848,0,
-43.80491632849879,19.311151928640015,0.3555650373000707,22,0,0,-55,600,
-0.05268077515047409,99.86314930467847,0.538521304463124,23,0,0,-177,0,
-2.3685761381778594,114.84342659857305,0.24807986773847845,24,0,0,-25,600,
33.50415575468813,213.81390558193607,0.45638721888970757,25,0,0,-159,600,
83.42967027365992,355.4976848893534,0.5198699009219451,26,0,0,-321,0,
79.12560076688496,345.7052050562718,0.2626665332487219,27,0,0,-170,0,
78.03176342106346,330.0952219871308,0.15189894877954177,28,0,0,-107,600,
97.00241156366653,464.7673143798463,0.30213470446502916,29,0,0,-830,0,
114.6177364706295,421.14268421081465,-1.9014277168503564,30,0,0,387,0,
109.35080854975615,419.60754278405466,-1.5630143017685323,31,0,0,300,0,
107.65884179790149,436.9059534100288,-1.3020823019387555,32,0,0,152,256,
82.58317767579652,430.5509009697737,-1.1402606222360105,33,0,0,274,0,
81.58242380598108,437.3044113440883,-0.8975223168943123,34,0,0,182,0,
81.40132694548524,463.3689257699125,-0.75780573513186,38,0,0,-650,0,
112.01530429429164,446.2942686860049,2.6215491696446414,39,0,0,557,0,
107.60560742729089,445.6090617578336,-2.6185905858828846,40,0,0,209,0,
105.83401061064893,442.6529184719909,-2.45860131078072,41,0,0,157,600,
18.291432119329926,385.6892749819774,-2.1614670132035085,42,0,0,75,600,
-144.97897359014542,312.8009840369723,-1.7174337102271822,43,0,0,-73,600,
-252.70731084103667,276.5650832886363,-1.5698787407105028,44,0,0,-71,150,
-277.8458271375464,269.54659479695306,-1.6085067391480934,48,0,0,-1167,0,
-283.43819445107795,346.8517701892047,1.4946533380705307,49,0,0,321,0,
-271.40976673791255,308.4066946071541,1.7794872164594422,50,0,0,213,0,
-273.5596040264412,324.2362376556514,1.9436301764787387,51,0,0,166,600,
-178.86299677722866,267.1182721206542,2.259458142029517,52,0,0,97,600,
-80.9352457436961,122.75515344587666,2.732472933393887,53,0,0,-87,600,
-41.753179203977496,16.966509842093842,2.923315213589633,54,0,0,-483,0,
-47.821269548111054,33.10177123888161,2.0872027091254433,55,0,0,30,291,
-24.93976948131748,21.766953331517016,2.1471630062369678,56,0,0,47,166,
-14.697629933733756,14.17884606225482,2.1816137663373243,57,0,0,52,150,
-4.276157406673924,3.99482617259207,2.218953663251523,61,0,0,-1031,0,
-0.3481678644790698,-16.962567394604548,2.931510775334068,62,0,0,-1395,0,
-39.08066595160223,-37.334689810933696,-0.905641884101727,63,0,0,372,0,
-41.051275031043566,-35.17307075283156,-0.5978293147491871,64,0,0,271,0,
-41.94265079403314,-30.547839894908407,-0.3726203394163376,65,0,0,197,0,
-42.41543445903916,-27.02831476486608,-0.2120335951971403,66,0,0,144,600,
-46.80217183231208,81.5468637675541,0.06661578858398481,67,0,0,74,600,
6.457245891038038,256.52138965497966,0.49489324779913285,68,0,0,-105,600,
58.80126235109949,339.73209699627137,0.6377854991400475,69,0,0,-279,0,
53.7638687781723,337.25018314995964,0.14554862939031346,70,0,0,-15,600,
79.91279285391002,460.94769364270655,0.35451680269791486,74,0,0,-1205,0,
112.17488703231763,448.65266780536695,2.2636723453237897,75,0,0,675,0,
107.65881262598552,427.26372717500135,-2.7933169318379307,76,0,0,280,0,
106.84814120978177,420.8150462632973,-2.5440637205112355,77,0,0,202,0,
107.08954942515288,431.1542501927347,-2.3514167565471267,78,0,0,130,600,
12.054391502090795,369.47232922740704,-2.1097078211974907,79,0,0,72,600,
-155.75832295042082,311.02648801334,-1.6841706486989372,80,0,0,-95,600,
-262.4604119298536,269.32318464047194,-1.569813247273508,84,0,0,-1172,0,
-270.3204740374886,346.33969111709666,1.3658190949636497,85,0,0,371,0,
-265.26788162808174,346.11843579534707,1.6843848102867855,86,0,0,268,0,
-257.7923863820376,316.73099293392534,1.8962868168243638,87,0,0,187,0,
-254.61688021832245,308.47948388125087,2.047069076817302,88,0,0,135,600,
-167.84929782905897,266.7027949710143,2.2937230750990327,89,0,0,95,600,
-75.192395326986,113.678500383337,2.756613069326264,90,0,0,-100,600,
-34.18639660640525,7.213457874623714,2.888614745327615,91,0,0,-555,0,
-52.68602253719618,33.13725993540356,1.405835227160044,92,0,0,242,0,
-50.25164618763794,30.968654143124468,1.5944123052849806,93,0,0,176,0,
-48.33307658723526,36.892639118527654,1.7340939431492903,94,0,0,163,304,
-20.509592771195738,29.162544837457972,1.9171306491170772,95,0,0,204,0,
-17.95183218432587,16.761287089920074,2.085321959351657,96,0,0,79,150,
-8.212991343697563,13.062652689323954,2.155264897691974,100,0,0,-994,0,
-9.893379714248058,-28.505810297091216,-2.46677555768527,101,0,0,875,0,
-31.559532800533123,-22.480054513764458,-0.846848326990652,102,0,0,350,0,
-32.1186563333012,-19.98448784702566,-0.5373471579298005,103,0,0,247,0,
-32.60859660997223,-14.473215179069712,-0.3481088790632152,104,0,0,185,0,
-32.08376653807973,-22.629332778726848,-0.2028440738227083,105,0,0,135,600,
-37.37531811621413,93.42419351415572,0.05685606950122448,106,0,0,73,600,
17.67420945766341,267.98608684028386,0.49663606980956737,107,0,0,-124,600,
72.29753155280272,367.2304160405938,0.6169612400535617,108,0,0,-323,0,
66.49094247887814,338.9024654470504,0.07849678893066689,109,0,0,-29,600,
82.77501672192898,466.8008086707507,0.24827098856195115,113,0,0,-1156,0,
116.16110853418678,470.8859856013821,2.3085737501814214,114,0,0,646,0,
111.57611069757334,450.34814592835824,-2.804887932903636,115,0,0,269,0,
110.26391537735884,450.22286323127673,-2.560477365077778,116,0,0,187,0,
112.34600804551457,458.617091168584,-2.362473729850455,117,0,0,116,600,
20.487159480705408,395.3021098916961,-2.14493992672086,118,0,0,61,600,
-143.75979664053364,324.73039192837973,-1.7411920145265671,119,0,0,-100,600,
-252.86806713285074,295.197647637724,-1.6212398860033015,120,0,0,-345,0,
-241.4212089715762,290.1091543814098,-2.2647207087736594,121,0,0,83,197,
-256.52041801344967,281.74023379152527,-2.176391954554309,122,0,0,69,150,
-266.0863112262372,262.9261838917787,-2.1042867660813593,126,0,0,-914,0,
-293.99091588107024,285.7097151349237,-0.03590216262121139,127,0,0,793,0,
-289.4959782164054,371.83164070965927,1.4552797029374485,128,0,0,342,0,
-273.43701375152807,313.8276112865185,1.7274532425625302,129,0,0,232,0,
-270.2266793977004,305.7349942692201,1.921935250472295,130,0,0,165,600,
-171.63512562793986,247.44214390729826,2.220562169373225,131,0,0,105,600,
-74.0482787682995,129.45164363492347,2.6795516384331686,132,0,0,-29,600,
-34.402030741467996,11.507571802029702,2.9085131697839177,133,0,0,-507,0,
-50.08424305582097,44.65593257423666,1.5631303966640626,134,0,0,245,0,
-44.570712788964464,35.42877500998509,1.9907447794177249,135,0,0,84,285,
-19.942122241153534,22.25760643715023,2.074267163496001,136,0,0,112,150,
-10.234948215346273,13.731453208300422,2.1690676365305217,140,0,0,-998,0,
-14.560362814035757,-26.55476143619137,-2.4211458243621933,141,0,0,863,0,
-35.926901275227074,-26.81707659990127,-0.8410189325196109,142,0,0,350,0,
-37.47088312414219,-18.363381097005004,-0.5401405360761671,143,0,0,252,0,
-37.86377037622731,-20.01895275511629,-0.33828573380609056,144,0,0,184,0,
-37.91734838770944,-19.927291220798338,-0.19409167646727518,145,0,0,136,600,
-38.34358934434741,98.86202744511104,0.09627233177221574,146,0,0,62,600,
14.880886615923117,259.23199828667975,0.4870085428032349,147,0,0,-118,600,
67.50582571422248,368.46389512750216,0.611221383048775,148,0,0,-297,0,
62.16710532259895,357.25410593941615,0.11577527947315894,149,0,0,-26,569,
82.59340904450733,462.05644607686577,0.32009930894296434,153,0,0,-1187,0,
115.84491273087721,421.0289109022567,3.0067753053521122,154,0,0,449,0,
114.27909026885041,427.3549970172237,-2.8804411571807274,155,0,0,311,0,
113.23078512426503,437.3805365982896,-2.604322933495697,156,0,0,212,0,
110.04373870425988,428.85779366589713,-2.4369011099401994,157,0,0,161,600,
17.202203151567097,374.50180303961383,-2.1146029665756645,158,0,0,71,600,
-150.21286281303657,325.6017193866023,-1.6423397922825356,159,0,0,-160,600,
-258.7414510909701,292.32996000636604,-1.5709430111683909,160,0,0,-406,0,
-242.81727672376704,280.78292735838363,-2.270852505365755,161,0,0,160,175,
-259.8241458899292,281.89956436540683,-2.1054973119197014,165,0,0,-890,0,
-282.1860030102583,289.840299583841,0.17849287852085519,166,0,0,730,0,
-266.35357024569726,309.4953556251244,1.57113527052934,167,0,0,287,0,
-263.30705703544334,307.45617162143026,1.8005580923091118,168,0,0,211,0,
-261.57661274442216,306.0643561610202,1.961974670173248,169,0,0,157,600,
-170.06106400988557,267.20106325194115,2.2649107613059845,170,0,0,103,600,
-78.77304939879573,118.78850267328335,2.7554528790409454,171,0,0,-100,600,
-39.417807405502714,12.59892199771582,2.9168492650624867,172,0,0,-518,0,
-58.053574572173666,46.34349598287736,1.55062057265886,173,0,0,231,0,
-54.634645799872644,45.149466499874734,1.7202723443691714,174,0,0,180,0,
-53.03218817388713,38.078749865319764,1.8628973644525273,175,0,0,110,326,
-23.828866711673882,23.184422307669934,1.9803853111426744,176,0,0,121,166,
-10.75252482763111,12.130067084776783,2.084543080594943,180,0,0,-956,0,
-17.06952256343911,-21.98203150042275,-2.278564402271135,181,0,0,817,0,
-37.19646500501318,-23.56740764331596,-0.7837524158075931,182,0,0,332,0,
-38.59683125892083,-13.876413771718262,-0.4978902074879661,183,0,0,239,0,
-38.80347969077788,-24.829709975813557,-0.30709960533128183,184,0,0,174,0,
-38.562893320928836,-10.408620865789885,-0.164836268510605,185,0,0,128,600,
-41.673668168732,102.60540171205935,0.07705450233516535,186,0,0,72,600,
17.31602969464869,267.2492430586865,0.5322783164259719,187,0,0,-141,600,
70.22428807999384,350.35244337041854,0.6565999075591649,188,0,0,-332,0,
64.28504981706303,323.0458399865545,0.13172297375086417,189,0,0,-49,600,
84.68964187744001,454.29583106722976,0.300006004919557,190,0,0,-525,0,
86.83573343417288,413.64400790510285,-1.081547852543489,191,0,0,261,0,
85.94057201999723,447.5809753718802,-0.8844863564792163,192,0,0,88,150,
77.15803553308211,442.85382871767433,-0.7796732595179505,193,0,0,169,0,
77.27629746227348,451.22975383677294,-0.6536820807787079,194,0,0,89,150,
69.45570564619501,443.82909484429365,-0.5546832474745136,195,0,0,183,0,
70.62885512648018,454.2703435185788,-0.3883781641639541,199,0,0,-831,0,
100.89147347107135,474.4986841328482,2.1531952051760364,200,0,0,690,0,
98.78984499401068,449.8258800752035,-2.8758398145091264,201,0,0,288,0,
98.64881632637716,463.0251871411033,-2.632733568449576,202,0,0,198,0,
95.01957132655576,443.88787221833513,-2.4775995491011797,203,0,0,159,600,
7.930824423563688,387.2075955313876,-2.17208571673353,204,0,0,73,600,
-157.87317588393722,336.0408556539021,-1.711632539681402,205,0,0,-173,0,
-154.51721541198233,336.8431160540965,-1.815395411880921,206,0,0,-118,600,
-262.15391645913064,289.11140220812445,-1.6877509761956335,207,0,0,-353,0,
-248.3865663930629,272.6598642718932,-2.303473276153269,208,0,0,250,0,
-251.6512290863162,273.24781539745436,-2.0991834584964684,209,0,0,175,0,
-252.5863680134258,265.4561331319567,-1.956768948233724,210,0,0,230,0,
-255.7809723347129,270.5738615773546,-1.7673934867517855,211,0,0,106,150,
-275.67247311032673,293.07123419383265,-1.6636774434938155,215,0,0,-1116,0,
-282.0008692912577,260.2699928120537,-1.3448494241470954,216,0,0,-1311,0,
-279.2363309568539,340.4296471421633,1.4646206730481315,217,0,0,330,0,
-271.2822515485674,325.1881848046876,1.7460374149441946,218,0,0,233,0,
-263.30336632282547,297.91098933053263,1.9435901185845046,219,0,0,158,600,
-173.53496148461534,257.1549549191461,2.2760257864978635,220,0,0,91,600,
-80.4118593845543,118.72495148318171,2.7536617320142995,221,0,0,-104,600,
-41.33708008712762,8.426697033154824,2.9098288103026615,222,0,0,-569,0,
-62.23981775742387,37.98193108064345,1.4018174115888407,223,0,0,239,0,
-59.07327481505275,36.254444063184565,1.5915062073305115,224,0,0,177,0,
-58.033195410048904,41.14278970412181,1.7285240615311577,225,0,0,153,356,
-24.477238287212543,29.50189997451548,1.8815982723275126,226,0,0,189,0,
-22.6757727460473,35.20379255569105,2.0401906192335875,227,0,0,176,0,
-22.149989085935033,23.51395278595521,2.1721202997720117,228,0,0,71,162,
-11.412162434016214,16.62743268099291,2.2252369095946785,229,0,0,105,150,
-1.4914892309183667,-0.9385344810606284,2.3194323668803345,233,0,0,-1085,0,
2.5547088706708543,-16.122217096396753,2.812475073388118,234,0,0,-1338,0,
-38.2432412129962,-39.25383657502073,-0.8133976442445101,235,0,0,340,0,
-38.96729383652209,-36.72193095574585,-0.5155824689651165,236,0,0,242,0,
-39.61619920245686,-29.457185560207336,-0.32676943252933904,237,0,0,180,0,
-39.38147321803153,-34.4385598762442,-0.19087568765930385,238,0,0,134,600,
-44.05403958983726,81.21386558523704,0.07196023643903665,239,0,0,70,600,
9.742921852256938,249.1072231515609,0.5044329736084099,240,0,0,-121,600,
65.24622750356838,347.43692895560093,0.6662563479466438,241,0,0,-317,0,
57.949194688810344,318.33374711953684,0.12703775250244584,242,0,0,-26,600,
82.51717002077436,445.1675969208168,0.3410472275358292,243,0,0,-408,0,
80.2473657997462,420.9006305637761,-0.31142218415489564,244,0,0,32,255,
72.38751987180154,453.46776249323557,-0.2537289058742842,248,0,0,-897,0,
102.93583399824078,477.03376854063185,1.9840624545131995,249,0,0,745,0,
102.50927591634206,448.5094991147175,-2.92244441604566,250,0,0,306,0,
100.327161853832,439.86139260009713,-2.6542362755922433,251,0,0,222,0,
98.8527667340621,447.4824340366572,-2.4674551546900654,252,0,0,154,600,
8.704157233544969,380.96773367186825,-2.173174998276589,253,0,0,80,600,
-159.83019884775044,345.57205576620913,-1.6762177343909845,254,0,0,-224,0,
-153.21819278990398,315.2917104515468,-1.8462856206482108,255,0,0,-26,600,
-260.4339056446523,297.7834078283397,-1.6295507505797264,256,0,0,-461,0,
-242.9199618149635,291.1550182000062,-2.4551108425297663,257,0,0,133,193,
-254.7279898945485,266.748344812479,-2.331225379348119,258,0,0,347,0,
-260.4387143079578,269.43333940455636,-2.0373343979478187,262,0,0,-936,0,
-289.71752665253354,271.9524269407775,-0.006420410528682334,263,0,0,777,0,
-283.1795658235407,341.3545943015795,1.4704170592244605,264,0,0,326,0,
-269.895389768551,300.72847148119695,1.7445572144420665,265,0,0,222,0,
-268.8961640987233,304.1768831592344,1.927227980765547,266,0,0,163,600,
-174.50453934604832,254.82369408937052,2.240122045794721,267,0,0,100,600,
-82.7488108132828,109.52140400536643,2.776225936971899,268,0,0,-141,600,
-41.35098950482187,9.420124166353958,2.9050230884411956,269,0,0,-555,0,
-61.85064987467855,33.677917840116265,1.4142992705283335,270,0,0,218,0,
-59.214231463925124,43.57645439481962,1.5828376495090664,271,0,0,207,0,
-56.17389894505863,24.19571269017058,1.7717398833874656,272,0,0,69,306,
-30.411007979102248,20.436770239865837,1.8331866087796933,273,0,0,110,183,
-15.886666341893227,17.579988842972625,1.963802067840141,274,0,0,148,150,
-3.925106558458843,5.723174261098848,2.082547377469769,278,0,0,-963,0,
-10.094529388225709,-36.350517439428586,-2.2357565794860226,279,0,0,797,0,
-31.584831469249846,-30.951760752401242,-0.7898657114528116,280,0,0,329,0,
-31.587461012830506,-29.092561197305145,-0.4963124688955154,281,0,0,232,0,
-32.30426161278841,-24.801210011614558,-0.3131017085732268,282,0,0,172,0,
-32.33869686025527,-27.63169785493176,-0.17103818085399056,283,0,0,124,600,
-35.26425509040957,93.95715369349489,0.09302721388288877,284,0,0,59,600,
19.49590844255426,243.3079682117243,0.5132192365951367,285,0,0,-149,600,
70.95853994212172,338.4538159076226,0.6218069034268757,286,0,0,-317,0,
66.51313989974048,344.37582828795394,0.12343613223865778,287,0,0,-51,600,
85.49449211511657,441.53226717027246,0.322779935755037,288,0,0,-414,0,
85.2051979742287,440.6495071783329,-0.3526804192290243,289,0,0,-66,170,
80.34659022547854,457.89420955773994,-0.34648825713355663,293,0,0,-851,0,
112.95148761287606,462.4304161607927,2.2070169692599917,294,0,0,684,0,
109.54681110909416,434.30123567423743,-2.861870450008664,295,0,0,299,0,
109.45383423076393,447.35501516083946,-2.612587015947005,296,0,0,206,0,
107.99151785295436,440.42925857970044,-2.4092737811999734,297,0,0,143,600,
17.02756374837005,381.7151311713799,-2.1177245505689517,298,0,0,64,600,
-146.85782862649194,320.5229794363577,-1.6599201933586927,299,0,0,-130,600,
-251.78439310386642,300.0364569776641,-1.5696709223955758,300,0,0,-410,0,
-239.80421834100963,303.1282432918613,-2.2587292767018754,301,0,0,3,239,
-255.71607630862195,293.5418647831593,-2.227668813824652,302,0,0,-54,150,
-261.41783034568266,275.78576864842694,-2.2337888178124,306,0,0,-833,0,
-290.35697403617513,298.34321834340153,0.37586964601255923,307,0,0,665,0,
-270.9352475199599,308.2268778839525,1.6123768623987764,308,0,0,269,0,
-269.9119332492362,308.2208849457959,1.8282226073405063,309,0,0,198,0,
-283.4462115915606,370.2503233386526,1.95914343530455,310,0,0,176,0,
-269.208700755267,313.5569100171258,2.096364707329698,311,0,0,112,600,
-182.596765149658,252.8217780775426,2.3733611187476455,312,0,0,48,600,
-93.65743410889223,106.18754667408655,2.7777577964450857,313,0,0,-179,0,
-93.47716502947816,104.60307868291511,2.6425608739222226,314,0,0,-115,600,
-42.62130929964394,10.917992689328003,2.777495955376277,315,0,0,-478,0,
-50.99359910826476,24.762095764295395,1.9727013978232173,316,0,0,17,283,
-29.980802659904015,23.859724286917412,2.0155895681917273,317,0,0,76,192,
-14.22098028879179,11.260721067385703,2.0953676256781617,321,0,0,-958,0,
-20.75769685041081,-28.969178794400136,-2.1640852826906167,322,0,0,781,0,
-40.094306308296865,-23.450310369339377,-0.7389083767199927,323,0,0,319,0,
-41.59188735304213,-23.616728735757192,-0.46934225800097296,324,0,0,230,0,
-41.24005525656586,-18.273368122756438,-0.2804153514273259,325,0,0,168,0,
-41.47476880953158,-16.66001492221733,-0.1647587040947505,326,0,0,129,600,
-41.56462137432362,104.51999761418222,0.10842674300193744,327,0,0,62,600,
14.600620477685496,271.99027452228074,0.5229849567541502,328,0,0,-127,600,
69.44075920490542,359.9240524896129,0.6561928288017604,329,0,0,-329,0,
65.11077314215424,354.5419632326234,0.12269833198485354,330,0,0,-43,582,
83.48340703232964,452.5018003749931,0.3084787840751082,331,0,0,-484,0,
81.27013632554,430.0941750675495,-0.49104906383957,332,0,0,68,212,
72.45492595309048,434.77170039436646,-0.43103231091558475,333,0,0,115,181,
67.95860152721826,452.31038537775316,-0.2690883566363874,337,0,0,-890,0,
100.9127174679794,483.8865330462236,2.0778507621691022,338,0,0,709,0,
100.4717077216061,460.75841978365133,-2.9544947337203604,339,0,0,307,0,
98.1588498379688,449.7135554108763,-2.690791165734027,340,0,0,227,0,
97.64946910367664,455.07070111381813,-2.494707829502208,341,0,0,157,600,
11.486761443118475,397.91882062688387,-2.178990321447064,342,0,0,67,600,
-149.32348267602472,320.97294138299867,-1.7134624510480274,343,0,0,-108,600,
-255.7047400509926,301.6680898509842,-1.5886506041145243,344,0,0,-456,0,
-241.83581428443745,304.0909789533898,-2.3999122800528636,345,0,0,36,234,
-254.42533854189824,281.1809001703573,-2.3391118699012656,346,0,0,142,150,
-263.09753237203836,277.0494313480765,-2.243304379501116,350,0,0,-829,0,
-292.8151279189658,304.7090282944355,0.39402130394071605,351,0,0,661,0,
-279.6767855410878,336.420850569634,1.5930555877010646,352,0,0,285,0,
-269.81191501791136,305.7230913195424,1.860520727231654,353,0,0,186,0,
-266.266056291678,296.87279969801625,1.9931053621926251,354,0,0,139,600,
-176.64614671130354,248.21065316286217,2.3079305344837544,355,0,0,72,600,
-84.02095787023757,111.59482424180533,2.7388952824825297,356,0,0,-121,600,
-42.836270796645884,6.759396323123383,2.899339678857424,357,0,0,-586,0,
-63.56231704051455,33.45450284860408,1.3823651530703727,358,0,0,224,0,
-60.254543081992026,32.95452686822921,1.5711935587402919,359,0,0,167,0,
-58.702514138863314,28.125556047561872,1.6891572248280948,360,0,0,109,325,
-28.520452434417003,31.872772378644186,1.819804130951768,361,0,0,197,0,
-26.409593762916735,26.186435509769012,1.96948692635882,362,0,0,127,186,
-11.425294261267652,10.953447393753777,2.0752552565014017,366,0,0,-951,0,
-17.006055851245076,-27.468689306518854,-2.127455265459837,367,0,0,766,0,
-36.67605868402728,-17.969428133517795,-0.7399679818410541,368,0,0,318,0,
-38.247836552071156,-10.085472534778773,-0.4806655906386132,369,0,0,234,0,
-38.19825762800088,-19.519892433523523,-0.28665572305928466,370,0,0,168,0,
-37.34519004504767,-21.712764055227012,-0.1540232591708313,371,0,0,122,600,
-37.477585947998186,105.58843229014508,0.12495958001204249,372,0,0,53,600,
23.043369461947073,265.9252420814503,0.5512439672167366,373,0,0,-165,600,
74.99867988926582,357.2327371243314,0.6407789972865962,374,0,0,-345,0,
69.17298289204973,344.02697495413895,0.07600865703473282,375,0,0,-37,600,
83.3739350075891,438.44551834513777,0.28193949806927804,376,0,0,-346,0,
83.04957832435326,430.24848243055453,-0.26229780665945246,377,0,0,-32,214,
77.03232731822084,427.2478404019473,-0.22176769642648858,378,0,0,15,221,
73.47499102560886,448.0424371298725,-0.17173560822087863,379,0,0,-5,150,
70.10762943608819,458.0993276374072,-0.15811757110340757,383,0,0,-951,0,
103.53036453750727,499.8849813369802,2.0508880167712524,384,0,0,708,0,
103.45651997567657,473.9159339290891,-2.9902703409415095,385,0,0,311,0,
100.76772639450016,462.63024101886526,-2.7047846052628977,386,0,0,223,0,
100.1015621800833,468.82336209062896,-2.521146075919742,387,0,0,157,600,
17.940436646703134,410.4384827510328,-2.2121241275571295,388,0,0,69,600,
-141.81901250275516,336.76092368943273,-1.7537147007618765,389,0,0,-129,600,
-250.38125539994778,314.88928292437777,-1.6278931194539397,390,0,0,-473,0,
-232.6561279795059,302.5205224263377,-2.435194569576977,391,0,0,93,266,
-253.5360027418402,294.8436352918877,-2.326082863535556,392,0,0,3,160,
-258.1680347467105,267.72116077094165,-2.3106743224051884,396,0,0,-799,0,
-290.1160857136237,313.40010607724344,0.5014527352148633,397,0,0,631,0,
-272.430149481789,320.47689725107443,1.6709128954042007,398,0,0,255,0,
-266.26727295736623,304.75326636021214,1.8802110322937708,399,0,0,181,0,
-264.0647697905591,297.0351643660333,2.0150960379985623,400,0,0,133,600,
-178.02163782211085,253.85058474748394,2.32508360699587,401,0,0,68,600,
-87.15478640906198,109.65517506363506,2.7560196736457057,402,0,0,-143,600,
-46.31863386592303,10.360479978355215,2.8798670929106818,403,0,0,-545,0,
-66.55051570095466,41.422521605835755,1.4993075171056498,404,0,0,209,0,
-64.84161753630168,38.153684287252645,1.6568186953395017,405,0,0,149,376,
-30.757826394678624,31.932090875473364,1.8403216443122947,406,0,0,178,0,
-29.37488144953856,29.823866282130098,1.9796207063930804,407,0,0,128,209,
-14.399913749691134,18.256786583248413,2.1199511338702743,408,0,0,118,150,
-4.818561236656807,12.291434450747488,2.2291674770341974,412,0,0,-1034,0,
0.006832154166653837,-18.699939386625033,3.0101567094613344,413,0,0,-1435,0,
-44.02342640537549,-37.97089418449218,-0.7988777653528876,414,0,0,339,0,
-45.77292731575669,-24.08549981170131,-0.5075106432252852,415,0,0,245,0,
-46.222607057037365,-23.83223502214912,-0.31461444197284294,416,0,0,181,0,
-46.182128585649934,-27.866189297570713,-0.17985165922830096,417,0,0,136,600,
-47.337667590035004,89.67468503863574,0.1156027648014333,418,0,0,60,600,
11.720572275639995,234.8864174721641,0.5487684447469817,419,0,0,-155,600,
66.96446872437105,340.07896527785147,0.6763335445175398,420,0,0,-329,0,
59.09792514197283,305.41475906859,0.15699650611188054,421,0,0,-48,600,
86.17227682307868,403.22579440698996,0.3857550147642785,422,0,0,-315,0,
84.823131340847,393.4364591811973,-0.08326034743847169,423,0,0,-57,394,
82.51364397696858,463.4187204943155,-0.048745880938402,427,0,0,-1004,0,
85.691033377888,479.84130722352097,0.8621728797796054,428,0,0,-1476,0,
110.7321506910844,468.4383410445764,1.9671824975241425,429,0,0,760,0,
112.21743605203415,450.0459396199026,-2.9868245218738267,430,0,0,330,0,
111.28579418278738,447.69461284893714,-2.6949240203426994,431,0,0,234,0,
110.68489171208066,454.6188432413726,-2.4843193567735,432,0,0,159,600,
22.24134893979572,388.4816881371471,-2.1693334759325458,433,0,0,77,600,
-140.39145734680724,325.75502700642255,-1.6815266317985584,434,0,0,-129,600,
-241.10564340117352,288.1585807189467,-1.553001540733215,435,0,0,-207,0,
-235.17985158895493,294.4016612398061,-1.8693059499294944,436,0,0,-86,234,
-254.30955018787392,292.8741794310181,-1.883034890968775,437,0,0,-202,0,
-253.41866679898396,300.96808174182274,-2.04645488439151,438,0,0,-196,0,
-250.1256601330187,297.0740658610448,-2.1944857571789873,439,0,0,-52,180,
-259.3363920953857,283.06084745040926,-2.1850073281972184,440,0,0,34,150,
-270.8548370866528,280.91124267359305,-2.144975695883707,444,0,0,-882,0,
-292.1566526281326,277.9852401471819,0.3113397961169237,445,0,0,673,0,
-283.4155653991141,323.61890477962515,1.544358810900727,446,0,0,293,0,
-284.50894915623087,337.09765183838726,1.7794434204321168,447,0,0,220,0,
-272.7545141177363,298.7009455503687,1.9671569408878617,448,0,0,145,600,
-185.43173882388146,261.88628970910145,2.2719126050350402,449,0,0,85,600,
-91.82429425678686,123.51327224785939,2.7366501963136796,450,0,0,-117,600,
-54.776271837630624,15.000763604646409,2.940271517047981,451,0,0,-551,0,
-73.07138913114122,52.79386876431499,1.5415237435627605,452,0,0,218,0,
-72.03942021416222,51.16519409565842,1.7075103913195713,453,0,0,160,442,
-32.49913872964764,32.63429296753577,1.9128500115702338,454,0,0,148,230,
-13.610944043606878,23.025489551307146,2.0696228191114483,455,0,0,179,0,
-13.120321353690455,26.10930753070386,2.2134274375146368,456,0,0,154,150,
-2.9504555575364897,6.669317268692453,2.3500304477847775,460,0,0,-1098,0,
-0.16909465371525023,-7.211859503758319,2.797992327343442,461,0,0,-1327,0,
-44.318053968481735,-29.591705518273784,-0.6686304715309604,462,0,0,297,0,
-45.05734393469089,-30.47846816559911,-0.4210376497130013,463,0,0,215,0,
-45.01462179834701,-23.795732540016616,-0.24888098695702024,464,0,0,159,600,
-50.91939496296309,88.66086968179184,0.0769366493171937,465,0,0,76,600,
8.4725195535557,235.7812056726002,0.5508980543342105,466,0,0,-149,600,
64.35159250310554,322.0960013215247,0.7055408662340587,467,0,0,-336,0,
57.95899738077153,331.33730733571406,0.16139017508242,468,0,0,-40,600,
81.23983466802926,415.90099749525166,0.370946300089013,469,0,0,-292,0,
79.89625873326534,419.6676284027783,-0.08370793594957415,470,0,0,-60,261,
76.88763938864977,445.1139971185487,-0.04512688272629921,471,0,0,-121,150,
76.33567826544012,464.10359804857535,-0.08603886947530703,475,0,0,-990,0,
102.920576239251,484.07433827592604,1.8493675777428413,476,0,0,785,0,
104.72857472572733,441.5814137248756,-3.0197519801396546,477,0,0,344,0,
101.6970441382363,449.55080872894473,-2.755683207737933,478,0,0,250,0,
100.67139965243445,444.12283792351354,-2.538619010605006,479,0,0,181,0,
99.75230591304125,443.77809821165624,-2.3894154893288393,480,0,0,131,600,
8.018050254423812,380.8410307159643,-2.1325084725986843,481,0,0,67,600,
-150.48086815277816,320.5736244472655,-1.6562956339969734,482,0,0,-137,600,
-256.19631036747086,297.00841139419776,-1.5597117043106532,483,0,0,-433,0,
-242.01228088586518,293.83929407211576,-2.2701838354128605,484,0,0,55,203,
-260.89040916518076,307.46382501081143,-2.2091774414031256,485,0,0,-247,0,
-252.95770337186988,290.3429414718437,-2.3899139401086833,486,0,0,66,150,
-260.38203030552165,282.43838129775486,-2.3266141936143665,490,0,0,-780,0,
-289.1492460115144,305.8576664202519,0.5717792836766401,491,0,0,604,0,
-273.2931019159126,317.8671900855941,1.6620081716946085,492,0,0,256,0,
-271.22500350949656,317.72474848315096,1.8652801000059556,493,0,0,190,0,
-267.6139644815925,311.667942388573,1.9932984891740215,494,0,0,146,600,
-179.01021118302134,265.28304840724536,2.2756248110343322,495,0,0,91,600,
-88.76148209128866,124.17905200382495,2.7478011396961586,496,0,0,-113,600,
-49.73094004745554,21.13711412358009,2.8962348078458717,497,0,0,-462,0,
-56.258722899449594,47.91795263390327,2.137592254040489,498,0,0,46,369,
-30.531515483924938,28.56018556191873,2.2262851689167293,499,0,0,32,209,
-17.134430855926066,15.388243077499624,2.266454625937736,500,0,0,12,150,
-8.607115338488715,11.445652689787039,2.2845683146581,504,0,0,-1058,0,
-5.171171270298908,-14.628862784932721,2.9731323366155897,505,0,0,-1410,0,
-48.91913582960779,-31.97167176354094,-0.6590430456262099,506,0,0,297,0,
-50.430223914368625,-21.85907900433358,-0.4146543030614363,507,0,0,218,0,
-50.80032668791169,-18.384292589591837,-0.23269960602010833,508,0,0,158,600,
-54.55759464495009,87.95816655803685,0.08989162799636949,509,0,0,74,600,
2.4375901583716164,256.31434655063845,0.5446815820060015,510,0,0,-121,600,
59.93545221750356,334.84954056916604,0.7100941030529136,511,0,0,-321,0,
52.73736180435055,333.41890965437256,0.1840133038158714,512,0,0,-32,600,
80.23702228645533,404.8400793056064,0.41139126570436085,513,0,0,-288,0,
79.83996636887315,423.140682494575,-0.030695325344577248,514,0,0,-93,244,
76.91015265173797,441.70030328580333,-0.037252572523841745,515,0,0,-109,150,
76.00624610291891,451.46966388509554,-0.08357521974594867,516,0,0,-125,150,
74.39876812444788,463.82358704122817,-0.13435150348298502,520,0,0,-967,0,
104.24502711543059,478.0677368416575,1.9583173753596579,521,0,0,754,0,
106.38172936342204,450.1568458480913,-3.0190648244810143,522,0,0,339,0,
102.97559867822389,437.22611307866555,-2.7409396761495364,523,0,0,254,0,
103.37310433546838,450.3233309805564,-2.5103912760217093,524,0,0,168,0,
102.48270304538698,451.6750895915725,-2.374688698334235,525,0,0,121,600,
13.771372393644825,398.22898286558643,-2.1287972201159313,526,0,0,51,600,
-150.5085177354837,348.10831523680577,-1.7111561463944067,527,0,0,-197,0,
-142.55807031155467,312.90494545027354,-1.8187497953304899,528,0,0,-20,600,
-253.64778541546323,322.0320690542178,-1.592945035698325,529,0,0,-552,0,
-225.67294805148592,313.6710707801021,-3.020388995155399,530,0,0,260,0,
-234.10788014502901,343.3794288984209,-2.810214694649076,531,0,0,72,411,
-240.94004471361123,283.40908708793654,-2.713278992708854,532,0,0,288,0,
-241.73876734438988,270.6586299204787,-2.4759951570902863,533,0,0,325,0,
-247.04740049193086,275.1442194142312,-2.2167540408652635,534,0,0,193,0,
-248.95185929534063,272.0142788057383,-2.0792684975627163,535,0,0,183,0,
-250.57002406765378,272.2400306772761,-1.930174401191874,536,0,0,131,150,
-264.5623459902494,269.0711850422099,-1.8245594486530652,540,0,0,-1047,0,
-281.6900610740909,264.09611887951155,-1.0481399329717407,541,0,0,-1456,0,
-265.73831427640044,321.61977750288975,1.4377178509485096,542,0,0,338,0,
-258.4786789919565,310.47168473948864,1.7270906153517889,543,0,0,240,0,
-261.06474355241744,326.7261434709146,1.8988297059975137,544,0,0,190,0,
-256.20117730144995,307.5557443846924,2.0377506904824547,545,0,0,136,600,
-171.15551242267478,253.2900200778206,2.3106534159242598,546,0,0,79,600,
-85.14905628497763,114.33491830479625,2.7953622552052657,547,0,0,-147,600,
-49.48676371297152,13.937939890053485,2.922209072697926,548,0,0,-538,0,
-67.94978083567727,39.622671224372425,1.5845184716375662,549,0,0,171,0,
-65.4799500202377,41.31146948672006,1.710573245932467,550,0,0,141,387,
-31.425161466678933,30.078228520768903,1.9087530175790657,551,0,0,142,217,
-13.015865717192867,19.31202698837319,2.0398022369085815,552,0,0,170,0,
-13.153826854708944,21.300814220996926,2.151296128989646,553,0,0,146,150,
-1.6017852186933847,10.219536716984521,2.252256094736826,557,0,0,-1050,0,
5.182635049107386,-15.68388670239733,3.000463175487669,558,0,0,-1435,0,
-39.3462019039754,-35.902045479615595,-0.7332647878381199,559,0,0,315,0,
-40.339635009922496,-30.322146560681063,-0.47756283622607903,560,0,0,231,0,
-40.80167333624131,-33.53657329097189,-0.2986590747397201,561,0,0,171,0,
-40.9452490988624,-33.4148240647138,-0.17243963102796225,562,0,0,129,600,
-41.66049302837505,81.4675366852822,0.11603012275267897,563,0,0,54,600,
15.452241632141142,255.34282969914852,0.5451046018624406,564,0,0,-150,600,
70.2557475228862,332.1825669045834,0.6847242847940986,565,0,0,-346,0,
62.03672447834766,303.04254143266553,0.13824231821523897,566,0,0,-47,600,
82.32080909985126,388.61194587637146,0.347306622225687,567,0,0,-252,0,
82.94734084258613,405.08934848155764,-0.03805263759063869,568,0,0,-83,335,
79.97719543103096,420.15561214010154,-0.009657272806566287,569,0,0,-99,259,
80.0229988360943,469.4347384229011,-0.02778613104548393,573,0,0,-1023,0,
84.05808905952833,487.751647030429,0.8753700981390696,574,0,0,-1491,0,
118.69142591834,440.6162510671759,-2.9772290343590364,575,0,0,335,0,
116.21247561841147,442.5619023722454,-2.690297489671067,576,0,0,238,0,
115.38761323623294,447.80902915013075,-2.495053438528426,577,0,0,168,0,
113.41847125488502,433.1519966155345,-2.357783412565099,578,0,0,133,600,
22.770074104422967,399.2830579219119,-2.0799667301382656,579,0,0,37,600,
-135.11079145588238,324.458815755215,-1.6479402502450509,580,0,0,-135,600,
-238.75012172316173,297.0403532727821,-1.5425820193201407,581,0,0,-294,0,
-229.9778319695351,301.2467637653872,-2.02297751327432,582,0,0,-43,274,
-249.0167322783676,293.03013269080725,-1.9600873418975202,583,0,0,-115,172,
-259.4665209119988,295.3553614354603,-1.9906086016155033,584,0,0,-242,0,
-253.97545118320852,284.3768838283436,-2.1938019893025733,585,0,0,56,150,
-263.5475995103358,276.05827603511625,-2.1502992674315062,589,0,0,-877,0,
-291.8559603943474,288.7101793611498,0.3219028000892216,590,0,0,676,0,
-288.5704994705973,362.4682281717255,1.5448419793492265,591,0,0,308,0,
-276.189406703408,324.19681765600717,1.797601091986578,592,0,0,213,0,
-275.92368693648314,329.1391463652285,1.9522239232082568,593,0,0,164,600,
-179.67436663493476,272.5626940691975,2.275737063571759,594,0,0,94,600,
-92.89163382821263,130.89490920539686,2.7867231851131016,595,0,0,-131,600,
-55.75576208326806,28.30508106820605,2.9304771870085697,596,0,0,-445,0,
-61.831682550869296,48.352850644035016,2.2073362716195772,597,0,0,9,392,
-36.986358349867345,29.869641305540767,2.289622374339772,598,0,0,-20,238,
-22.75435897508419,18.22909534487792,2.3274131835682814,599,0,0,-41,150,
-13.501894709455133,2.216263559431809,2.341438725230703,603,0,0,-1083,0,
-10.569244854535844,-18.97655974221459,3.026595884293729,604,0,0,-1432,0,
-56.061965210553616,-39.844319643305425,-0.6900630421122209,605,0,0,310,0,
-57.59710883888765,-35.66676770015954,-0.4334739195784777,606,0,0,226,0,
-58.29794761575004,-30.407442215359538,-0.2565605704281115,607,0,0,169,0,
-58.6212801160251,-19.21750289299223,-0.13018641247135315,608,0,0,129,600,
-52.5584806362804,90.47363600275264,0.18161317254679668,609,0,0,43,600,
11.377117914622335,243.67731735473967,0.6051795926440945,610,0,0,-178,0,
8.790423445300014,241.9761814313058,0.48036232327932427,611,0,0,-111,600,
60.40724492647977,327.7187631174929,0.6488888254660194,612,0,0,-293,0,
54.38033618855511,310.3953007235011,0.18238618601450923,613,0,0,-45,600,
80.37428848669703,404.315580678488,0.39373639593866255,614,0,0,-279,0,
79.51116885866276,403.85891335783367,-0.021019453375073494,615,0,0,-65,338,
77.77820709528493,438.2736300632423,0.014912201855038967,616,0,0,-135,168,
74.82299838490579,423.59161765419526,-0.05277590203280593,617,0,0,-32,238,
74.70299777189192,460.3752257537599,-0.01061590529516662,621,0,0,-1025,0,
80.24461163644438,491.35682457858775,0.8789163497801359,622,0,0,-1499,0,
112.18536656741435,441.3156980277597,-3.006948997950368,623,0,0,343,0,
110.17817248312704,448.0487264363462,-2.7197981316854514,624,0,0,242,0,
109.16988375676638,451.8806317762071,-2.5077548026519825,625,0,0,168,0,
108.52737273884577,444.7146956911354,-2.3575548155998587,626,0,0,123,600,
17.77545068518435,398.51694389505224,-2.051777973022173,627,0,0,26,600,
-142.00860197429233,356.05115302205354,-1.6556475729282976,628,0,0,-233,0,
-137.82798298202297,356.0609433184791,-1.8372948324625893,629,0,0,-135,600,
-237.13701747637148,296.00507343495906,-1.6724210075052308,630,0,0,-210,0,
-229.96505597923735,299.2589397516922,-2.0207215961088814,631,0,0,-29,269,
-249.12968322353225,284.1875849835353,-1.971778288644573,632,0,0,8,150,
-256.8425725499236,272.5594739826315,-1.9405725978131876,633,0,0,133,150,
-273.86926096221384,281.6705446675476,-1.8285063698317516,637,0,0,-1042,0,
-292.15137564820316,270.56798396750423,-0.9978118932701947,638,0,0,-1484,0,
-278.74697181221245,322.97515303779574,1.4092974188097191,639,0,0,340,0,
-272.19785781903795,317.52907923542944,1.6914834564537822,640,0,0,247,0,
-270.28095076128466,316.7778613091557,1.8509348654512396,641,0,0,195,0,
-268.1343068975222,317.42508465236415,1.998853384648139,642,0,0,147,600,
-179.83572836344914,257.126177425519,2.3197772064618976,643,0,0,70,600,
-92.2534334541246,124.91619059802088,2.776708458702658,644,0,0,-136,600,
-56.00048047075149,23.40570736567804,2.9156507650836607,645,0,0,-474,0,
-63.78116177509326,49.64798933385828,2.1368590674503993,646,0,0,32,404,
-35.63962213957201,29.542199646013728,2.2168644463088105,647,0,0,15,231,
-22.11216645058441,17.888202239291445,2.2411046355149806,648,0,0,3,150,
-13.453895178835479,9.419239226204809,2.26598533185483,652,0,0,-1044,0,
-9.449864973623226,-12.172813855853633,3.0972790274352877,653,0,0,-1468,0,
-56.047925533045735,-32.442917059895876,-0.7174684993179244,654,0,0,321,0,
-57.68245830727714,-30.415386217991227,-0.45170770104458924,655,0,0,233,0,
-58.355311293724505,-26.208335313281168,-0.2881949637696758,656,0,0,180,0,
-57.910017002584006,-26.88392024215659,-0.15160294703608226,657,0,0,134,600,
-55.30011837497454,95.02019417501128,0.15377550218056601,658,0,0,55,600,
9.012387603969621,259.24426519474446,0.5971948354925076,659,0,0,-160,600,
64.7312261463054,309.6567098155938,0.734560364776625,660,0,0,-353,0,
57.532542097936506,298.1209846175507,0.1596694586330793,661,0,0,-46,600,
82.06094231270313,415.4255365882766,0.368345201874709,662,0,0,-297,0,
79.37208440194476,394.4104622176592,-0.06101261975120791,663,0,0,-35,385,
78.20587253241132,441.82977365392117,0.0003901353340841414,664,0,0,-149,151,
74.5041421477705,438.5187384756214,-0.08722587462331526,665,0,0,-36,163,
73.26233700511199,442.7449131392948,-0.05808105995410637,666,0,0,-41,150,
71.95775362259585,449.6063367745194,-0.0474321885321533,667,0,0,-38,150,
72.52392699165912,472.4814813110538,-0.0285451199696832,671,0,0,-1030,0,
100.19240606802532,516.7976996723633,1.8155275606487558,672,0,0,774,0,
105.6357480979554,475.80968351300385,-3.116131356937348,673,0,0,353,0,
101.51334477628205,465.0614211739871,-2.8371284698644836,674,0,0,266,0,
103.14053792915925,481.46262457750186,-2.5947506101880684,675,0,0,174,0,
101.61765463835624,473.51911554426806,-2.44803694116355,676,0,0,130,600,
17.608196494963266,411.5293086265235,-2.1741836720554595,677,0,0,55,600,
-139.70867081311837,361.8439502287192,-1.7328956054263216,678,0,0,-206,0,
-136.32721267271964,350.1395379245598,-1.8785693651602036,679,0,0,-97,600,
-238.18436710655635,311.19542155536806,-1.665310774895451,680,0,0,-341,0,
-226.04637174325873,309.2953619047694,-2.2483515942205794,681,0,0,20,312,
-246.03453729049485,286.7910381495012,-2.1919131378753107,682,0,0,68,169,
-258.1101183385369,277.14842768319,-2.126379420281662,686,0,0,-883,0,
-285.8126983553652,289.93365805915573,0.316620149604899,687,0,0,682,0,
-270.9541909954798,320.7214873534151,1.5499798983984423,688,0,0,297,0,
-268.74616090740494,323.2100300900729,1.7812340529352684,689,0,0,222,0,
-263.4679036136676,310.4525104709139,1.9611854391670116,690,0,0,159,600,
-174.62384333758774,268.67590608482215,2.261556804390021,691,0,0,101,600,
-87.75438531952665,137.8742427876473,2.7790421899954096,692,0,0,-102,600,
-51.7927378712774,36.46688080397962,2.933912096564084,693,0,0,-375,0,
-56.44764344236228,50.46315072440473,2.3279466950314713,694,0,0,-14,379,
-34.105530781788296,19.717375107746648,2.4149695580390333,695,0,0,-160,197,
-24.43678425592816,19.204959935685565,2.321777147607532,696,0,0,-42,155,
-16.324083298193973,10.034489192090518,2.3323073306734567,700,0,0,-1074,0,
-11.738146796976995,-11.987126319550953,3.088719085865542,701,0,0,-1461,0,
-58.24648087428787,-28.585450275158337,-0.7029215150295497,702,0,0,318,0,
-60.35005740382452,-21.250512391618145,-0.43951358499816195,703,0,0,232,0,
-60.68698570738275,-19.810545848270863,-0.2617984840133199,704,0,0,174,0,
-60.3129197944414,-23.015688068281975,-0.14196437147366434,705,0,0,133,600,
-58.9926111907503,97.82750467150345,0.14969934423887374,706,0,0,61,600,
2.7648860419592083,247.9397772458069,0.5919187226329102,707,0,0,-151,600,
58.8604321451376,345.7631786544466,0.7053702365259478,708,0,0,-311,0,
51.87330895087772,328.32006204959,0.22614596500567244,709,0,0,-52,600,
85.69478272816337,430.6203866856067,0.46500497935731316,710,0,0,-426,0,
84.29456533904721,425.27450310108657,-0.19265042376817748,711,0,0,-63,240,
78.19840201736835,414.0166715423502,-0.16395734596457054,712,0,0,3,287,
73.51807038171046,445.1285948548016,-0.1208500514037255,713,0,0,-21,150,
71.73513003097815,450.66175100166697,-0.09030348253030021,714,0,0,-15,150,
70.12723223416816,463.7631887857849,-0.07301590837034883,718,0,0,-1000,0,
103.90485231290208,495.35815137350505,1.9765626002872316,719,0,0,736,0,
99.26986409664278,464.27388259099484,-2.340255403907625,720,0,0,100,600,
7.453438935500142,412.0618495108972,-2.064709048179861,721,0,0,13,600,
-152.76115896310486,363.5245520870026,-1.6584911143881762,722,0,0,-271,0,
-147.36618187653286,347.5230210354091,-1.8602624595960848,723,0,0,-116,600,
-246.59200855844114,289.2161523314637,-1.6544729420760549,724,0,0,-202,0,
-247.11459714776632,323.16275297585685,-1.9917078243816175,725,0,0,-306,0,
-237.81462557717091,297.8273549837768,-2.2227121887057595,726,0,0,30,231,
