-165.43387850399614,148.22013693172238,-2.6516974825911657,0,0,0,-53,0,8190,8191,8191,
-159.4381328067839,141.14763307527454,3.0967553916604036,1,0,0,-32,0,8191,8191,8191,
-156.5090280460757,129.31575315554477,2.7819342996763003,2,0,0,-21,0,1112,8191,8191,
-157.73861330323837,134.18288041715545,2.4672110898366455,3,0,0,-8,104,8191,8191,8191,
-121.69182624520575,109.66803942582561,2.1859250013590374,4,0,0,5,82,8191,8191,8191,
-89.59604821107085,83.81780259443445,2.4316446751589305,5,0,0,-4,61,8191,8191,8191,
-52.760320357718605,55.94605697694118,2.1269236150015867,6,0,0,10,38,8191,8191,8191,
-21.925419650023528,27.251936959048805,2.384355487131407,7,0,0,5,17,8190,8191,8191,
-11.548023665007952,12.665779615541851,2.6662008455177673,8,0,0,-48,0,8191,8191,8191,
-13.825226733638623,11.22104953169287,1.9396760478096626,9,0,0,-55,0,8191,8190,8191,
-15.209521037631951,16.179334687635276,1.229142865878206,10,0,0,-24,0,8191,8190,8191,
-17.53538594633562,21.098636370441966,0.8777793922059451,11,0,0,-19,0,8191,8191,730,
-17.241853657443027,20.779763597738395,0.7428982827358946,12,0,0,-14,300,8191,8191,8191,
38.858522747533,157.34594936037564,0.37705651828137904,13,0,0,-11,296,8191,8191,8191,
63.90143451077237,304.2232473239612,0.17477376589565735,14,0,0,-7,223,65288,65311,65311,
25.86201348635762,397.753405494829,-0.2745375359880553,15,0,0,2,0,752,8191,8191,
23.184107625154603,446.4269236454879,-0.061032019589495924,16,0,0,0,0,8191,1156,8191,
24.492473368659454,448.6189162710579,-0.04480018008775196,17,0,0,2,0,8190,1097,8191,
27.054526976780117,453.0598887733623,0.28759833360203796,18,0,0,-3,167,8191,8191,8191,
15.043595478722837,573.3015748666328,-0.15312990480091906,19,0,0,9,0,568,1029,8191,
17.350620603306027,557.1222427099992,0.21774567844224027,20,0,0,3,0,8191,879,512,
21.216857345023662,524.9282082569907,0.5978791573082993,21,0,0,-6,143,8191,704,625,
45.76281284927495,639.8003339475581,0.29746344355786747,22,0,0,-2,0,8191,612,513,
41.88234259311607,603.8127986405245,-0.059709298135983975,23,0,0,0,0,498,982,8191,
43.08449923814123,664.9553185282584,-0.08054056770457965,24,0,0,1,0,519,966,8191,
41.21439734210722,620.9893628043826,0.2375823988911087,25,0,0,-2,0,8191,8191,8191,
40.281749146387035,621.9890416536716,-0.09290503310518858,26,0,0,0,0,526,973,8191,
40.057430938514365,620.3690732316647,-0.09556163810267254,27,0,0,0,0,548,981,636,
39.669147298061965,600.6831126139225,-0.08975391985442177,28,0,0,-1,0,540,979,792,
35.37722890440574,610.4749480987427,-0.47194891362681063,29,0,0,1,0,8190,8191,512,
37.24409300681133,627.8126687157392,-0.1290028640542048,30,0,0,0,0,520,1004,710,
36.957614058062575,612.4989584420093,-0.12243546051788765,31,0,0,0,0,521,1006,691,
37.978904544568316,648.9044172582087,-0.13023354953753696,32,0,0,0,0,518,985,698,
36.24222780521071,603.2197678379532,-0.13112531939917282,33,0,0,0,0,522,998,8191,
38.018204516039404,644.476281487963,-0.12816145184835226,34,0,0,0,0,517,979,8191,
37.780945530988674,644.6297668850752,-0.1275994733445614,35,0,0,0,0,517,985,8191,
38.53237854871531,641.1690639505098,-0.12289278956282847,36,0,0,0,0,505,991,8191,
37.47468463042081,644.3314191955467,-0.1329211696771224,37,0,0,0,0,513,995,8191,
36.58680216124154,607.4095208892302,-0.12989922394719253,38,0,0,-1,0,533,965,8191,
32.97039354714149,639.2562581776995,-0.4838179339219222,39,0,0,1,0,8191,8191,8191,
34.43806763867457,649.9809863172934,-0.14768306735341952,40,0,0,0,0,530,996,8191,
34.37319645158653,632.7829843232507,-0.13460437447624046,41,0,0,0,0,521,982,8191,
33.82925639589958,618.7295241623851,-0.13206106023228453,42,0,0,-1,0,505,980,8191,
30.072919363880388,578.0526226692089,-0.48174766732169066,43,0,0,0,0,699,8191,8191,
31.909184480046783,583.6568193343549,-0.4562873867985,44,0,0,0,0,8191,8191,8191,
33.25014102371549,575.7210283835404,-0.4348806111908305,45,0,0,0,0,716,8191,8191,
31.754785496434643,590.8117754972291,-0.45821955381392104,46,0,0,0,0,8191,8191,8191,
29.946193062517985,636.6235841830719,-0.5103637933753709,47,0,0,1,0,8191,8191,8191,
30.869604734433473,613.5030151078497,-0.16379399577795445,48,0,0,-1,0,521,979,8191,
31.89117542157851,651.0634595252293,-0.1630996036899936,0,0,0,-30,0,533,986,8191,
32.33994594686938,570.6792388579961,-0.4216163693666588,1,0,0,-30,0,660,8191,8191,
27.37575503127227,588.4858290653767,-0.7821326098353417,2,0,0,-30,0,906,8191,8191,
26.109173547311556,654.5375835515704,-1.1626395473334268,3,0,0,-30,0,931,8191,8190,
21.712645694266854,647.4981655695756,-1.5664333388865896,4,0,0,-30,0,489,8191,8191,
22.517700745090124,614.2503547704248,-1.8764160078543142,5,0,0,-30,0,8191,8191,8191,
21.859701473279586,621.7691400741162,-2.2470159313829043,6,0,0,-30,0,8191,8191,8191,
25.20777186562323,623.7087787105093,-2.555545229968054,7,0,0,-30,0,216,8190,8191,
25.90604124565462,596.8291752271391,-2.9507419769362624,0,0,0,-8,299,8191,8190,8191,
39.417636780550325,427.43112729512046,3.0564016366731064,1,0,0,-7,215,8190,8190,8191,
73.53152693153065,317.63711441211143,2.7703476772023725,2,0,0,-50,0,8191,8191,8191,
73.40382976904124,327.54239420216385,1.8176521738597282,3,0,0,-50,0,8191,8191,8191,
77.46721778659288,353.6989650000335,1.0634912726227008,4,0,0,50,0,8191,8191,1032,
72.8664924337582,317.8182976368757,1.8303385744838376,5,0,0,-50,0,8191,8190,8191,
72.09053007161077,338.55721385687656,1.0479516373447988,6,0,0,50,0,65288,65311,6175,
69.45224962687298,317.1336601222159,1.723182199302795,7,0,0,50,0,8191,8191,8191,
66.61731049356929,330.83293413003963,2.2845258980113057,8,0,0,50,0,8191,8191,8191,
58.94799887546386,338.26215301785436,3.0537619589405622,9,0,0,-5,500,8191,8191,8191,
213.23292305960433,35.65973911775478,2.530409800965185,10,0,0,50,0,8191,8191,8191,
208.14938286322518,35.13446556469256,-3.076602540165004,11,0,0,50,0,8191,8191,8191,
205.9831493783927,45.502435654401495,-2.523641057164458,0,0,0,50,0,8190,8191,8191,
197.22623766129362,37.97335039828391,-1.8328703601131071,1,0,0,-6,345,8191,8190,8191,
47.47189557467494,-48.04827300494338,-2.2544957252066444,2,0,0,50,0,65288,65311,65311,
47.94662082037657,-44.243885639171765,-1.6585516014965505,3,0,0,50,0,8190,8190,745,
50.86793336682004,-36.2897816525973,-0.9762032655160139,4,0,0,-4,110,8190,8190,8191,
-8.118932480962604,-13.213859462004166,-1.2873918240501672,5,0,0,50,0,8191,8191,8191,
-2.407634291541653,-11.156145255569356,-0.6159112878719868,0,0,0,50,0,8191,8191,8190,
-0.02134459121876553,-10.675684131480693,0.047407578402525484,1,0,0,11,382,8191,8190,8191,
38.78111004903784,216.23072464895353,0.15531788945263,2,0,0,9,268,65288,65311,65055,
145.5192257943761,333.46105031339056,0.6814630095008021,3,0,0,-18,196,65032,65311,50975,
168.46355591180065,455.59574304873223,0.1720450792670279,4,0,0,3,134,8191,871,8191,
182.33237524507481,486.63451044517257,0.3412213685914708,5,0,0,-5,117,8191,584,8191,
197.89221228435,609.7161081922497,0.014556752817089435,6,0,0,13,56,8191,698,8191,
199.6314516841328,611.687679431898,0.2790705494528664,7,0,0,0,55,8191,881,8191,
209.69160696526305,645.5543940749724,0.2800453139217696,8,0,0,0,37,8191,845,8191,
214.61344073124243,666.3026911011073,0.2588940169438438,9,0,0,2,27,506,667,8191,
229.76300596635147,675.0057152527299,0.677971816432511,10,0,0,-50,0,8191,294,444,
238.2382505361907,699.87381509601,0.07986126044951573,11,0,0,-50,0,8191,739,534,
241.50754103548692,749.3379907496612,-0.6492316976929422,12,0,0,-50,0,762,8191,8191,
237.36595994606694,726.5214512013522,-1.4917350014041288,13,0,0,-19,309,36616,65283,65055,
58.80740416886494,720.916392662321,-1.8195972441770656,14,0,0,-10,220,8191,8190,8191,
-61.2293207289386,658.7602151548533,-2.1362940502994974,15,0,0,50,0,8191,8191,8191,
-64.5074162203152,626.0413732895988,-1.6286000520665225,16,0,0,-8,500,468,8191,8191,
-334.52071057365583,573.368036721866,-1.7940692470612178,17,0,0,50,0,8191,8190,8191,
-321.0193858397823,563.8893276920207,-1.158603208725253,18,0,0,49,0,575,8191,8191,
-306.7870903296009,533.8237606242758,-0.4385482189489516,19,0,0,-8,224,8191,8191,8191,
-370.6977521213975,598.5658409871883,-0.6264622164481944,20,0,0,50,0,389,8191,8190,
-394.561983122303,682.6695634891403,0.09744029597316349,21,0,0,50,0,8191,393,693,
-378.0206311948194,644.588539557363,0.944194761347364,22,0,0,50,0,8191,8191,462,
-400.2356630903369,702.5727505157431,1.686900701743866,23,0,0,50,0,8191,8191,747,
-388.2701256071665,635.3154580187563,2.36038367755047,24,0,0,3,500,8191,8191,8191,
-247.12450201828315,385.84945515004193,2.6401326965500638,25,0,0,-1,500,8191,8191,8191,
-64.02786775696653,165.0822140481469,2.4644134722739484,26,0,0,6,290,8191,8191,8191,
-3.726954441313616,-5.361048217475741,2.7992494889506676,27,0,0,-50,0,1047,8191,8191,
0.23761457821465193,4.725861523335482,1.9466837286114282,28,0,0,-49,0,8191,8191,8191,
-2.1282277070749744,16.494155218619824,1.1830838903648757,29,0,0,-49,0,8191,8191,8191,
-11.562887186666007,26.387661765019573,0.36089716792498405,30,0,0,0,500,8191,8191,8191,
124.82552576214549,326.93094001036224,0.4133543487716843,31,0,0,-3,500,8191,8191,8191,
142.38858825553143,635.3127798984017,0.030254319376191195,32,0,0,50,0,8191,674,539,
153.27132425376848,623.4176418042127,0.819864463663472,33,0,0,-2,209,8191,463,936,
195.32935817983576,753.4423854426593,0.3687791921387961,34,0,0,50,0,8191,820,8191,
194.21267780730753,731.9712590473343,1.0916265390973774,35,0,0,50,0,8191,8191,503,
194.09102689383232,696.0932161841247,1.7809031401986735,36,0,0,50,0,8190,8191,325,
182.4829315070698,684.5627088767294,2.40547789761327,37,0,0,50,0,8190,8191,8191,
192.30584862134847,729.1983210629394,-3.086348071482184,38,0,0,50,0,8191,8191,8191,
179.02866006415368,680.2677110529812,-2.477933941761339,39,0,0,49,0,8191,8191,8191,
183.930633382381,718.4331114069,-1.9410344166002425,40,0,0,8,500,8191,8191,8191,
-118.30851158951124,773.5856810327325,-1.6331146939693597,41,0,0,-3,465,351,8191,8190,
-324.70068263275874,534.2198282606682,-2.084139304598148,42,0,0,50,0,974,8190,8191,
-331.20208594493096,614.5249611754043,-1.3714614021294464,43,0,0,50,0,8191,8191,8191,
-336.0013802759323,647.7100020199969,-0.7034008855621828,44,0,0,-50,0,853,8191,8191,
-328.3533295846242,623.2759639573312,-1.3640975855421726,45,0,0,-50,0,8191,8191,8190,
-298.02742842866525,627.7088340464574,2.8112502440111067,0,0,0,2,500,8191,8191,8190,
-278.0261222109259,352.3346472337736,3.0386312423883832,1,0,0,-50,0,8191,8191,8191,
-270.23779811594864,343.4889379199998,2.1973140326443716,2,0,0,9,500,8191,8191,8191,
-98.89250985608913,120.52905796373648,2.539035020169707,3,0,0,1,261,1080,8190,8191,
-49.95747642010502,-32.55320209666991,2.8132810423839203,4,0,0,-50,0,8191,8191,8191,
-47.1633132842019,-26.78553758860926,2.021262554264596,5,0,0,-50,0,8191,8190,8190,
-49.88311817947524,-19.336262982286996,1.2267102336517204,6,0,0,2,104,8191,8190,8190,
20.29510240560562,-7.709744294790596,1.4825756748720256,7,0,0,-52,0,8191,8190,8191,
13.987367868951793,0.6127623934535222,0.7543960642764127,8,0,0,-5,500,65032,65311,65311,
132.93178558801137,287.4046717570345,0.3574409042689482,9,0,0,3,500,8190,8191,8191,
311.94312202829144,534.5117511584998,0.6200914951448838,10,0,0,-50,0,65288,58143,65281,
297.038526511423,512.4497619296577,-0.1966384999498382,11,0,0,3,227,8191,919,863,
291.2093068129486,588.1783084812936,0.19147703641098313,12,0,0,-6,111,8191,655,8191,
288.0597366784416,653.5731782646084,-0.1753938636439653,13,0,0,-50,0,262,439,843,
291.89689598016525,671.9510547430449,-0.9225869289381465,14,0,0,-49,0,381,8191,8191,
296.8563271688515,670.2336279263881,-1.7800215905929995,15,0,0,4,500,8191,8191,8191,
28.093916637844146,799.4269295342718,-1.3993654177806552,16,0,0,-50,0,8191,719,8191,
31.56359072422073,795.0829762943478,-2.1913043798763336,17,0,0,4,500,647,8191,8191,
-249.08812913837986,619.5712059560443,-1.797850614853259,18,0,0,10,104,404,8190,8191,
-287.36130058665964,590.5852283195308,-1.5443730481163738,19,0,0,50,0,357,8190,8191,
-296.1628336410128,640.6821192812305,-0.8006716156080617,20,0,0,-54,0,411,333,8190,
-290.858344698186,599.0316157990509,-1.5400173194841087,21,0,0,-50,0,388,8190,8191,
-291.89375332042755,611.4049396116676,-2.165308276601959,22,0,0,-49,0,524,8191,8191,
-296.30125824475647,662.4826616076926,-2.8733216078670116,23,0,0,-50,0,8191,8191,8191,
-286.8006523604729,633.6834812953103,2.7799724358297246,24,0,0,0,500,8191,8190,8191,
-176.00166876413897,334.4787167745533,2.7773851588342717,25,0,0,-2,500,8191,8191,8190,
-45.987698987218835,91.27756288215517,2.689732699336993,26,0,0,0,183,8191,8191,8190,
-9.205363868360031,10.629067763016906,2.7204348820074413,27,0,0,-5,46,8191,8191,8190,
16.152345397627286,-31.456910344533924,2.479204285964231,28,0,0,-50,0,8191,8191,8190,
17.562661827225156,-24.041529349323014,1.719190403026353,29,0,0,-50,0,8191,8190,8191,
15.367478143163808,-13.898812144496048,1.1426785555942434,30,0,0,-50,0,8191,8190,8190,
7.50082110997532,-8.854977305194268,0.3310415167599118,31,0,0,1,500,8190,8190,1030,
170.37363841178066,221.70470007165716,0.5847524166838816,32,0,0,-7,500,65032,33823,65283,
185.26320732095445,542.6776988054429,-0.011611728272533699,33,0,0,50,0,8191,981,782,
178.45899680158985,492.6404793657857,0.7092093334585006,34,0,0,-3,311,8190,480,934,
293.68927989290216,704.0674270241833,0.5302823197739228,35,0,0,50,0,8191,532,811,
294.3742983407643,683.5763273841213,1.2917653551920474,36,0,0,50,0,8191,8191,831,
290.32212624636657,686.304317118308,2.0504870950617726,37,0,0,49,0,8191,8190,8191,
282.10550252425844,663.9390336032762,2.823656051787508,38,0,0,50,0,8191,8190,8190,
290.58490376388465,686.458680609522,-2.7624993283337353,39,0,0,50,0,8191,8190,8191,
288.29447400876563,695.1820252886706,-2.19248635921915,40,0,0,50,0,962,8191,8191,
287.1633368013786,692.6629311758462,-1.4282189408116208,41,0,0,-4,500,28680,44547,65283,
16.47927890969322,586.569684509178,-2.0041826122604927,42,0,0,50,0,759,8191,8191,
18.86152357770564,623.6240354531086,-1.2946723140843892,43,0,0,-4,500,8191,679,8191,
-292.67747773659914,588.1046161601233,-1.5654977249751867,44,0,0,50,0,438,8190,544,
-277.855771045427,554.4139266048809,-0.9399064885303675,45,0,0,-50,0,521,519,953,
-278.235350376889,545.2375541705159,-1.7481533803155769,46,0,0,-50,0,501,8190,8190,
-280.8218221060274,565.691921280515,-2.362996083710522,47,0,0,-50,0,8190,8191,8191,
-281.3989558377591,592.0387310122632,3.0961410322742524,48,0,0,-4,500,8191,8190,8191,
-185.22204740460595,285.08650195760185,2.7908758380297964,49,0,0,-1,500,8191,8190,8190,
-21.71922083228015,36.144874258161394,2.556104224588587,50,0,0,3,79,8191,8190,8190,
-3.1915435249524364,11.066759790896981,2.7092999191739677,51,0,0,-50,0,8191,8191,8190,
-3.8114987365972084,9.49000885801513,1.9938483067014374,52,0,0,-50,0,8191,8190,8191,
-7.41567604516068,20.65623746931044,1.188445934094335,53,0,0,-50,0,8191,8190,8190,
-9.106875455400328,29.319689187768518,0.6159695360478608,54,0,0,-2,500,8190,8191,8191,
90.99020664594156,338.1941318980457,0.2545438045381657,55,0,0,5,500,8191,980,776,
232.38658812575792,516.9764575384523,0.48400888851777085,56,0,0,-2,246,8191,424,8191,
289.46445739932165,679.342446632818,0.24886404348634722,57,0,0,-50,0,8191,847,8191,
290.37813125707623,703.8640551121069,-0.4960531042618024,58,0,0,-50,0,741,942,8191,
282.73738445575054,677.3247529389529,-1.3027904144239364,59,0,0,-7,500,922,947,8191,
-46.914571997008835,792.9411173172967,-1.469965032284811,60,0,0,-50,0,336,695,8191,
-42.18688185633688,811.6155270476889,-2.227842867680889,61,0,0,-2,500,717,8190,8191,
-254.28899370687157,513.5583723526635,-2.4499464262720005,62,0,0,50,0,8190,8191,8191,
-248.0801565430051,494.9047419546649,-1.8210883089055223,63,0,0,50,0,666,8191,8191,
-242.22427403430189,487.7207442302923,-1.037183445100279,64,0,0,50,0,466,608,8191,
-239.96704114882027,521.3852786969368,-0.21824714934746428,65,0,0,-6,242,8191,8191,550,
-335.14738667137476,634.6221188276066,-0.7226974398620954,66,0,0,50,0,393,8191,8191,
-339.5997851409762,707.1561076376139,0.1293659513365073,67,0,0,50,0,65288,63775,44289,
-324.5432640804531,638.6206816205332,0.7840158380665317,68,0,0,50,0,8191,8191,8191,
-326.05166287641975,632.556687766939,1.5446536068554242,69,0,0,50,0,8191,8190,954,
-333.3546719130841,656.4630828875439,2.1331088850006936,70,0,0,50,0,8190,8190,8191,
-336.4056532047276,627.0709477619954,2.498853719544476,71,0,0,2,451,8191,8191,8190,
-254.79224188411334,379.285312893638,2.8294158419586672,72,0,0,-4,500,8191,8190,8191,
-85.19515629453586,139.57092425901192,2.521979700341818,73,0,0,1,309,8191,8191,8191,
-6.807689449589333,-38.18743251426827,2.677130748532003,74,0,0,-50,0,8191,8191,8191,
-7.341934076673027,-29.49863648755121,1.8535116134320433,75,0,0,-50,0,8191,8191,8191,
-7.33299114381591,-21.01005182750697,1.3218939518230006,76,0,0,-50,0,8191,8190,8191,
-15.974537227559296,-14.103596822926477,0.49169221384372325,77,0,0,-3,500,8191,8191,8191,
101.43425180028729,267.01239906529315,0.38004298543387155,78,0,0,-2,500,65032,65311,65311,
131.81904773735468,584.810945119133,0.06310280119044115,79,0,0,50,0,8191,965,8191,
126.6520528962418,527.8899659149223,0.8431110543708992,80,0,0,-3,347,8191,507,928,
245.3534568054084,749.0308351549628,0.5014544440037833,81,0,0,50,0,8191,804,775,
244.321773088286,723.4363594999539,1.2470558751783296,82,0,0,50,0,8191,8191,352,
251.90363531335984,743.1888447958867,1.8089890219065112,83,0,0,50,0,8191,8191,291,
234.4599109926693,696.7426370409102,2.452951084987412,84,0,0,-2,123,8191,8191,8191,
301.42293256960795,679.9385308414288,2.29789946931625,85,0,0,50,0,8191,8191,413,
287.82793424864485,646.6706033623783,2.9430922222201596,86,0,0,50,0,8191,8191,8191,
291.9330020987949,664.177485018127,-2.634470612512532,87,0,0,50,0,8191,8190,8191,
303.15362851415705,698.0731344033073,-1.8588540791952382,88,0,0,2,500,8191,8190,8191,
6.561903356186988,683.2208715303658,-1.5900985516830086,89,0,0,-2,490,391,766,8191,
-285.89991366294225,619.7643395982485,-1.8119793127294097,90,0,0,50,0,264,8191,8190,
-280.5086823044445,638.2498389671808,-1.0474829729641024,91,0,0,-50,0,508,300,8191,
-277.43502741034104,574.8822513141182,-1.9006822107581947,92,0,0,-50,0,347,8190,8190,
-275.5095584371677,605.6968578018779,-2.4220100176126476,93,0,0,-50,0,464,8191,8191,
-274.1229683558013,650.5100795458749,3.005986023816012,94,0,0,-4,500,8191,8190,8191,
-155.3308045333078,374.9857997351428,-246.33558179902255,49.217898457800175,-0.11491615598513012,0,0,0,50,0,711,8190,978,
-241.29396487138774,60.937365013691874,0.45877205105231866,1,0,0,50,0,682,831,8190,
-299.2135091462839,185.79445418987325,2.529115334990952,0,0,0,-5,500,8191,8190,771,
-94.0512824148329,118.50912559960489,2.139113602756458,1,0,0,7,293,1152,827,638,
27.175376233542885,1.9159009545755907,2.3217157165382263,2,0,0,50,0,1022,719,560,
16.7782959926614,6.057725330515268,3.0876027431268263,3,0,0,-50,0,848,1026,649,
26.363933374314673,17.314427694490178,2.37813792635115,4,0,0,-50,0,1044,734,581,
32.83779380186597,-2.203393040097694,1.5630050869150545,5,0,0,-50,0,785,649,777,
28.392081930442217,27.321663481924475,0.7517735047725543,6,0,0,-50,0,606,768,8190,
21.047364453823363,32.589202672198326,-0.0075026069477961786,7,0,0,3,500,621,8190,677,
121.11089830469115,263.61087783342805,0.3232327024558879,8,0,0,-50,0,406,8190,8190,
108.02372199083713,275.9897343673065,-0.5429798547398076,9,0,0,7,396,8191,8190,654,
54.60348316629745,488.07179943804067,-0.2557469466638968,10,0,0,-50,0,8191,8190,579,
44.10697289875619,536.7051271975906,-1.087570808216844,11,0,0,-50,0,846,895,8190,
41.25994963027092,566.0305719403643,-1.9177989342732653,12,0,0,-6,500,931,1134,8190,
-182.23824024809014,282.2409494734504,-2.4293182359758383,13,0,0,8,276,832,8191,1213,
-328.06267929517753,147.6448596669784,-2.153520114160471,14,0,0,50,0,636,8191,773,
-319.03705139787235,150.5506083438397,-1.3131752201808853,15,0,0,50,0,894,691,834,
-300.8838092602808,137.0098535514103,-0.47782612625555043,16,0,0,7,156,8191,771,591,
-329.87191324784465,229.0423099924467,-0.26532676084414986,17,0,0,50,0,744,1233,451,
-316.57737358960384,200.52266476584396,0.4651590062440876,18,0,0,50,0,854,762,573,
-330.3629163045999,244.24501027943506,1.2160382137482757,19,0,0,50,0,1117,897,8190,
-325.5615168924475,207.13240579596481,2.060863869144596,20,0,0,3,500,1073,1065,857,
-90.7284010220033,85.26806386073531,2.136695694777578,21,0,0,6,241,1122,805,633,
2.6963185235973732,20.778010702046004,2.3252137562575053,22,0,0,50,0,1047,756,574,
-2.0469338708410447,-6.854866863957113,3.088967482077837,23,0,0,-49,0,844,1008,676,
6.37942986691024,-3.272163948860225,2.336924084120179,24,0,0,-50,0,1060,747,569,
8.613383226633239,12.642075277624258,1.5802184331350497,25,0,0,-50,0,897,668,783,
6.372994808976241,33.884554798436966,0.7870756026519828,26,0,0,-50,0,620,767,8190,
-1.5927146288581042,31.21784416007779,0.01991972677412682,27,0,0,5,500,633,1025,873,
61.18976801109065,288.565808720228,0.1787863164937609,28,0,0,-1,366,524,781,950,
35.0620450526629,529.2980227733296,-0.24803571186216372,29,0,0,61,0,8191,715,787,
40.347773790024526,582.1895360557025,0.4696651108211777,30,0,0,52,0,532,8191,1186,
42.78440541819577,484.6441969898942,1.2127592007669659,31,0,0,50,0,597,482,547,
35.58709248042619,510.89107620397,2.0199551049056073,32,0,0,50,0,8190,508,447,
28.49814770211138,460.9071022033056,2.763007758892027,33,0,0,49,0,8191,1251,446,
18.3242865110964,472.1564479705603,-2.695232582509203,34,0,0,15,500,896,8191,944,
-173.34184906899938,216.51665682504358,-2.545847609020588,35,0,0,50,0,805,8191,1153,
-176.65402805747922,246.91202465229753,-1.8175149140090285,36,0,0,8,269,811,473,778,
-318.76763689351145,180.2416560784859,-1.540140129208187,37,0,0,50,0,688,475,871,
-308.32093313898196,172.63807272384497,-0.7616818569242808,38,0,0,55,0,8190,687,327,
-315.8883094672881,216.45911819622165,-0.16501423064482398,39,0,0,50,0,934,8190,449,
-312.4663229439372,222.45237616204122,0.564208819753788,40,0,0,50,0,807,994,620,
-300.8411868635389,179.23822525794026,1.3779011310105342,41,0,0,50,0,1158,825,8191,
-315.0319491967858,203.5719377488506,2.0994283601418546,42,0,0,10,500,991,1036,888,
-110.85374008435582,-22.718895416475675,2.385934526530578,43,0,0,-50,0,974,888,684,
-110.45131920322788,-4.162249820460602,1.630216966280253,44,0,0,7,218,962,762,879,
-16.706481859998213,1.7995322211148732,1.8097085344952941,45,0,0,7,5,848,633,779,
6.116693350836698,-21.502840054488615,2.0934954729205395,46,0,0,-50,0,971,685,558,
6.943109754379044,11.263902108302545,1.3071426246234974,47,0,0,-50,0,753,620,1234,
2.279613909653108,-1.6000479993181216,0.4998082881001198,48,0,0,1,477,699,820,8190,
211.25633299438914,249.25313251091757,0.6881181720715033,49,0,0,-50,0,330,525,8190,
199.25190341903772,228.68872566878463,-0.059094630538445,50,0,0,-2,486,422,8191,1097,
36.30902895544659,445.07752161858457,-0.6385561147604885,51,0,0,50,0,839,8190,638,
44.596488378907885,514.3576982807042,0.12963670806279662,52,0,0,-50,0,463,925,796,
33.74156952820971,510.2200626190356,-0.6119639155335103,53,0,0,-49,0,914,8190,777,
26.352855550744913,499.01122041767417,-1.4393133799902555,54,0,0,-50,0,1242,839,8191,
25.893530407091564,506.0065648252921,-2.2426501933488234,55,0,0,6,471,859,8190,8190,
-211.7030792785496,330.9180231113328,-2.090898143202809,56,0,0,-1,295,632,542,1181,
-328.40666184849164,184.03034403529682,-2.425063971382904,57,0,0,56,0,386,558,1164,
-319.91183693082263,175.568748923665,-1.6336778253100217,0,0,0,-50,0,704,576,380,
-320.6251114263282,178.10250488864585,-2.4593794757027503,1,0,0,-50,0,514,812,1137,
-306.6746156681095,168.02669823807355,3.0214068717612066,2,0,0,-49,0,750,1016,962,
-295.33457223641216,171.20111873902033,2.1964214270837377,3,0,0,2,500,857,1064,878,
-98.42306312123972,-19.863812616118253,2.3579650836901527,4,0,0,-50,0,884,861,681,
-95.06994222897377,-16.528784680417857,1.6128276026907753,5,0,0,-1,177,927,745,866,
-6.090028723598628,35.87313145774681,1.1276886202360432,6,0,0,50,0,711,563,8191,
-10.832029631577875,18.891870506391342,1.8541562950533155,7,0,0,-50,0,873,635,700,
-9.841407137470604,26.310622387802823,1.1103533269008745,8,0,0,-49,0,712,575,8191,
-17.564603005910946,43.331371599187946,0.32440145668652354,9,0,0,-1,494,595,8191,1092,
-100.31209140773973,349.00510933362557,-0.35006508897167576,10,0,0,50,0,8191,904,656,
-91.04254377470036,305.1886193393027,0.3857220305312726,11,0,0,9,411,636,8191,703,
62.011778596054995,552.0498639762709,0.6833545768453886,12,0,0,50,0,439,605,1137,
60.35524712615448,528.3745529735497,1.4385021018861917,13,0,0,50,0,837,488,8191,
52.12047828618999,525.2015645846693,2.2434041677952323,14,0,0,49,0,8190,694,470,
40.530458062481586,474.6236711691497,3.0552539210167473,15,0,0,50,0,8190,8190,481,
32.569260885998965,501.25213104240424,-2.462923899354814,16,0,0,8,500,895,8190,1239,
-160.62215764842583,256.091756114535,-2.217527206245339,17,0,0,13,289,624,8190,8190,
-301.1280289938914,178.86172536958838,-2.0562004147834902,18,0,0,50,0,524,8190,843,
-307.9472001922757,222.46445868413366,-1.2722403044057653,19,0,0,-61,0,1196,625,8190,
-297.0139808853984,182.54376476002903,-2.0150059793753745,20,0,0,-50,0,543,8190,829,
-296.6080658069424,194.64647798167266,-2.870020177708802,21,0,0,-50,0,1215,950,1128,
-289.93184834390445,209.50907704098813,2.636247428525612,22,0,0,-4,500,940,8190,772,
-39.12903768763408,51.907455360096606,2.1125330102848148,23,0,0,12,94,1093,756,593,
-8.505895582570147,25.135084310034017,2.3996239204386045,24,0,0,12,5,1098,794,576,
5.10846427818932,4.51897027105781,2.6383414213953724,25,0,0,-53,0,699,927,624,
10.139004572163074,16.676413601488207,1.9203976866798627,26,0,0,-50,0,899,629,639,
6.75968537603973,39.09151874701308,1.0524542501076886,27,0,0,-50,0,675,576,8191,
-1.2071999100257713,38.34410407377618,0.23491039863730415,28,0,0,2,500,567,823,1078,
182.4714663480229,278.04602733821116,0.6533922476491413,29,0,0,-50,0,20232,58113,65025,
165.82519522109132,240.6802108116426,-0.18362603340908332,30,0,0,-1,446,532,8191,1013,
12.479683728982486,470.7050291001642,-0.6824008644500779,31,0,0,50,0,457,8190,8190,
15.294213744912255,519.1687001456924,-0.0018445984059159157,32,0,0,-50,0,537,8191,786,
10.64692608104954,449.77998746812796,-0.5882615942577416,33,0,0,-50,0,450,1267,816,
2.451079951410186,513.9956778340925,-1.3483513550651172,34,0,0,-50,0,1218,829,8191,
0.8780845709631535,508.4927844414008,-2.161228080330665,35,0,0,3,500,846,8190,8190,
-269.74046500946434,339.25603460495677,-2.0142081685113427,36,0,0,-50,0,636,8190,936,
-253.487400360092,291.00006871126243,-2.843775408689969,37,0,0,13,156,428,8191,1157,
-293.5422952299396,198.34554256469733,-2.651407774200197,38,0,0,50,0,8190,964,1230,
-294.78941505555133,208.41795875029788,-1.899066806345211,0,0,0,-42,0,590,783,863,
-288.67946825214506,199.43643539351274,-2.652325093791021,0,0,0,-25,0,8190,1011,1228,
-296.67194732260714,238.68361811632008,-3.041579794847834,1,0,0,-14,0,1016,882,1055,
-287.4135838154208,219.4047133003346,2.9090069999940296,2,0,0,-8,537,522,8190,906,
-109.5163746906552,25.19421044505316,2.3808198384033736,3,0,0,-6,208,980,897,660,
-21.740598703826947,-23.96308280990297,1.9314303383389044,4,0,0,-19,0,905,668,644,
-21.143322533653382,-2.1245168399884733,1.6081516231362991,5,0,0,-26,0,892,666,811,
-20.513795146822297,-0.2990848660130041,1.2689493693254228,6,0,0,-18,0,785,621,8191,
-21.626628573894067,0.4657473640547778,0.8832781179909058,7,0,0,-10,561,661,728,8190,
118.95655254450092,326.58509773819196,0.26219082451370856,8,0,0,-9,308,40712,65025,59423,
33.762459871543705,422.4645701618276,-0.5768598323500895,9,0,0,19,0,8191,8190,1006,
36.36787132231163,527.1143688730633,-0.24488057424192794,10,0,0,53,0,609,8190,808,
37.86155400472106,493.1231882626662,0.39580041132482974,11,0,0,39,0,525,8191,8190,
37.55349485362011,460.3490717628679,1.0182524869372234,12,0,0,52,0,519,461,8191,
35.705879660874274,474.0415326561524,1.8673437567154951,13,0,0,40,0,1272,468,531,
26.293869638711886,464.1375693474447,2.6161019153070817,14,0,0,30,0,8191,998,443,
23.465376689114603,518.0043212066819,3.0156065963013203,15,0,0,22,0,8191,8190,497,
17.220218149269105,389.18931870118513,-2.9168062128048287,16,0,0,19,0,964,8190,802,
14.60565052267841,411.4735418495127,-2.6060132850051594,17,0,0,13,542,8190,8191,1025,
-253.98246631885218,263.86468184613364,-2.1315293171721565,18,0,0,2,122,577,797,995,
-316.942537710421,214.81327349971548,-1.924700844387463,19,0,0,46,0,557,632,837,
-296.18611217817795,164.2521539427005,-1.2383391873838683,20,0,0,-55,0,8190,574,606,
-310.2485704627721,205.85219927419735,-2.0213926437700813,21,0,0,-36,0,533,740,784,
-312.2556253375303,212.11422926047635,-2.379324373133487,22,0,0,-29,0,8190,609,1221,
-305.5007448987486,200.6647031196701,-2.758534820049458,0,0,0,-22,0,619,8191,1190,
-298.6941765747202,186.1914886293339,-3.096597499373279,1,0,0,-16,0,638,830,1048,
-293.24352366507065,184.08855475765154,2.811459672241454,2,0,0,-10,529,900,1250,922,
-96.10862755105512,14.19647639935772,2.2893806296311543,3,0,0,-8,184,1058,847,646,
-8.72943024773528,-32.361212422228846,2.0008140936537195,4,0,0,-30,0,921,685,600,
-8.063869240734995,-28.076502715840434,1.6116252254812236,5,0,0,-25,0,876,631,816,
-7.214027715305491,-13.580226757170863,1.2945858886517967,6,0,0,-20,0,753,650,8191,
-8.311750297357058,-16.401125117928018,0.930986702855468,7,0,0,-15,0,661,657,8190,
-10.687402422596122,-9.183509861461744,0.5551724781007101,8,0,0,-8,533,707,809,8190,
70.36843089732832,242.23394125101527,0.18395616997460942,9,0,0,-6,427,497,8191,1013,
16.904396424580103,526.2753084016749,-0.31501829402898807,10,0,0,39,0,8191,8191,765,
19.387263503000863,532.353903713499,0.39624922368502613,11,0,0,31,0,544,8191,1240,
23.535158301179113,541.1612146782124,0.7372265251936072,12,0,0,28,0,477,616,1198,
23.17463976176434,517.4013348633996,1.0904093313819512,13,0,0,22,0,550,458,8191,
25.554937328403238,473.42022451675075,1.442965901721636,14,0,0,36,0,868,492,8191,
23.94783748793969,502.9283546179163,1.792696272972483,15,0,0,31,0,1223,469,574,
18.427962536761928,536.9145812552622,2.1419571141530747,16,0,0,25,0,8190,666,475,
16.956634126732197,437.0970540291016,2.5246046758528444,17,0,0,22,0,8191,938,460,
12.832897674847647,465.43529858623924,2.866958954038982,18,0,0,17,0,65288,65055,57375,
7.031019289494463,497.3110766761347,-3.0963931840649503,19,0,0,14,0,903,8190,667,
3.5221050833632006,501.76223204575444,-2.744610603372881,20,0,0,6,570,8190,8191,917,
-86.8354504406433,138.70411427745125,-2.968929787972469,21,0,0,23,0,759,1132,855,
-92.16135445375748,173.23410598699343,-2.6436921473127435,22,0,0,18,0,896,8191,1001,
-90.932617057007,132.25768283302136,-2.292373549950874,23,0,0,16,0,8190,905,1081,
-93.72930089512994,140.55351113778306,-1.9526461262818373,24,0,0,12,424,844,551,1065,
-320.77176900530213,47.426121900030466,-1.8657870186834469,25,0,0,25,0,627,446,698,
-320.21069392615834,51.65711526829898,-1.5152480140144762,26,0,0,21,0,829,520,643,
-320.3084972816197,61.71315941785235,-1.1599428661031226,27,0,0,18,0,8190,1100,792,
-314.4173974094332,60.40076011668839,-0.8092623168589819,28,0,0,15,0,8190,661,426,
-308.90774303946125,54.083126826659054,-0.47019096597077004,29,0,0,9,326,8191,841,922,
-338.6515391844442,208.73751836364931,-0.17123914651946567,30,0,0,18,0,8191,8190,476,
-333.5902306106375,204.5641356328515,0.1622312142166267,31,0,0,23,0,923,8190,540,
-330.9816034852828,209.97240600698956,0.5064735348189858,32,0,0,20,0,836,8191,588,
-330.72496310049087,211.10780391904837,0.8300763566745797,33,0,0,17,0,973,8191,1263,
-322.3621096025836,186.9455966866176,1.2085036836312928,34,0,0,15,0,1117,905,8191,
-326.46483585533014,197.14940174359594,1.5379452281263903,35,0,0,10,561,1272,811,8191,
-3.855275220846977,186.82604211752664,1.7250733697455758,36,0,0,16,0,1025,690,664,
-6.326946960549364,176.3428391527425,2.0591248867834056,37,0,0,15,0,1131,683,587,
-7.493939478132056,175.428856550016,2.387639167929601,38,0,0,10,348,1218,855,497,
70.44072643293572,-25.389401477249635,2.7088086256154162,39,0,0,22,0,664,854,509,
67.84311867475381,-1.8032195729280147,3.0500120819266168,40,0,0,17,0,722,940,595,
62.7602454623254,4.388537510357992,-2.8783278922028694,41,0,0,15,0,640,1031,675,
57.654700272611535,-26.769533952676852,-2.5254776716322627,42,0,0,15,0,750,725,758,
57.642683502939505,8.279770960182645,-2.1234007002531112,43,0,0,7,101,8190,649,908,
14.862432002294621,-32.6443977503277,-1.7884430176153496,44,0,0,15,0,1137,649,875,
12.515895500484646,-19.187044411473266,-1.465402412947009,45,0,0,16,0,8190,652,632,
15.801814292792912,-22.5624108448759,-1.1229791932362099,46,0,0,15,0,8190,672,534,
18.182260104395553,-19.83713169028374,-0.7874737103448199,47,0,0,15,0,8190,1212,8190,
20.403268472484246,3.6659571235687736,-0.4626309564904177,48,0,0,8,571,818,8190,614,
-44.020315801366834,276.0586241744031,-0.279140234921139,49,0,0,9,421,700,8190,773,
-68.66928660106198,579.9400892507722,-0.14806171172822533,50,0,0,21,0,8191,8190,685,
-61.097890845950275,490.45909906049746,0.17759276426608772,51,0,0,15,0,571,8190,683,
-60.2607214935786,490.84052456491895,0.5065597437552508,52,0,0,15,0,610,8191,1102,
-64.90993443185845,613.0004296440725,0.8903775488041479,53,0,0,15,0,576,662,8190,
-55.528252946011875,495.89741031605104,1.233103947935615,54,0,0,7,208,730,527,8191,
40.01481089923545,474.92187846449156,1.5301884787165474,55,0,0,3,5,890,504,8191,
61.54077888721937,547.7901942158658,1.6915689261812725,56,0,0,19,0,1025,416,576,
60.25455678198428,583.3646922894145,2.058330897155054,57,0,0,16,0,8190,476,438,
56.51983500657164,570.6730822736199,2.3868468609511297,58,0,0,14,0,8190,839,461,
54.85679368042255,501.9770039444843,2.5233682971982714,59,0,0,14,0,8191,913,450,
51.982328570305135,518.8504848226266,2.8963828552209208,60,0,0,15,0,1022,8190,438,
54.52778182728497,570.0258581584876,-3.103205336766399,61,0,0,15,0,755,8190,509,
51.86877670403349,610.2001340976954,-2.7969290292432314,62,0,0,9,485,8190,8190,847,
-101.83302029420366,321.2627220079812,-2.575409648154966,63,0,0,10,436,65032,6943,33027,
-267.84477061336696,76.13122997739617,-2.47322247351399,64,0,0,18,0,365,484,1024,
-269.009529895131,81.73818539994181,-2.1601468376670847,65,0,0,17,0,8190,584,737,
-265.5997712175403,75.2031368528543,-1.8369265400848385,66,0,0,15,0,683,548,656,
-265.44554688514665,77.39106935906943,-1.5276001109330146,67,0,0,15,0,28168,19715,46594,
-266.29319473454797,89.48650600539611,-1.1475513347102777,68,0,0,15,0,8190,1005,613,
-254.35451337173015,64.50138852036969,-0.78283573226473,69,0,0,11,316,8190,761,475,
-357.35847035420767,200.6194982895704,-0.6448229931337189,70,0,0,16,0,8190,643,202,
-344.54266548150673,179.32043148198204,-0.25388179662696164,71,0,0,15,0,65288,46367,10244,
-350.6030194627638,211.19956121317705,0.12219453407991912,72,0,0,15,0,931,8190,482,
-344.88942558571864,198.51700134212183,0.44063768963091865,73,0,0,15,0,866,8191,577,
-350.237599217853,216.0047296624566,0.7434207636973826,74,0,0,14,0,40200,65283,24607,
-354.2137950789514,227.54124528839338,1.0934382087938055,75,0,0,15,0,1079,912,8190,
-340.34303363488175,181.70518099019773,1.4488355145431433,76,0,0,10,545,1258,837,8191,
-57.248961344470885,223.52410148798776,1.6267945634642875,77,0,0,15,0,1000,568,757,
-61.53034558491174,222.81562090198008,1.9846060360975832,78,0,0,15,0,1174,734,690,
-60.7719194191142,179.48449383105117,2.3369439492061934,79,0,0,10,363,1243,887,564,
46.188842946291835,33.11136903292527,2.552533769619925,80,0,0,14,0,921,814,586,
44.6794230741406,53.79446473991027,2.8708311357725305,81,0,0,15,0,743,880,549,
42.37016306663172,38.57277824120706,-3.10809326169374,82,0,0,15,0,710,1090,652,
39.24826395155376,43.15854876336607,-2.7623081925157598,83,0,0,12,56,776,8191,746,
19.411645661759756,16.802458249955293,-2.474552803955497,84,0,0,12,5,804,712,785,
1.360581051686875,3.3367033287441927,-2.173996599249223,85,0,0,17,0,711,704,939,
-0.49288508736564296,8.321243647791562,-1.794728296519604,86,0,0,16,0,1085,531,911,
-0.8936836528675016,-3.0340574611583406,-1.5015642661347188,87,0,0,16,0,8190,888,645,
-0.5721862108252722,8.994455370914466,-1.1390236386122372,88,0,0,15,0,8190,1228,600,
1.720598941980107,-10.389915665429385,-0.9841026541619667,89,0,0,15,0,8191,1091,589,
2.280582737565588,12.106151277526692,-0.6559069916498586,90,0,0,15,0,65288,65055,65055,
6.275637645692385,14.32563760626806,-0.2957481845673771,91,0,0,15,590,815,8190,630,
41.739684613901304,313.41845599733574,0.056536749899935686,92,0,0,15,306,592,8190,928,
110.63130987517975,467.7020740331136,0.4613940653111781,93,0,0,16,0,432,8190,1259,
108.37143937848099,442.1014199222691,0.7421502070233382,94,0,0,16,0,397,472,8190,
112.83245976588428,471.809053508636,1.0894041275040567,95,0,0,17,0,448,403,8191,
114.06135103521811,493.652599272948,1.4266321559797224,96,0,0,17,0,750,375,8191,
113.09641066300286,475.8656391803238,1.7818234025663076,97,0,0,17,0,1004,379,470,
112.21254291291146,491.31271044852815,2.1080792135634545,98,0,0,16,0,8190,448,401,
109.27760025214309,488.4424765886224,2.444652931448685,99,0,0,15,0,8190,778,372,
105.17704135456569,454.8264733217902,2.7874796237837427,100,0,0,16,0,8191,1115,376,
103.34874188650231,505.63063992396974,3.1202263736717595,101,0,0,15,0,39944,65027,48159,
94.85383621019498,435.8793964711317,-2.804326691490552,102,0,0,15,0,791,8190,763,
93.68120681278711,489.6743376641616,-2.441980929936226,103,0,0,14,53,8190,998,1144,
61.25384855942224,491.7100645316839,-2.179586334555058,104,0,0,14,612,943,8191,8190,
-291.7559432161038,351.5486750160512,-1.8700906309328849,105,0,0,-15,0,598,618,742,
-274.95284003432744,290.78744498440506,-2.179683160692896,106,0,0,14,132,535,479,1064,
-348.1387492764139,287.95197410843093,-2.058638701126383,107,0,0,-15,0,467,8190,858,
-333.86039821660336,252.8547219252796,-2.3880127370421054,0,0,0,-67,0,1084,444,8190,
-322.3433370564048,243.2831073239388,3.0677599647628906,0,0,0,-34,0,8190,1058,1026,
-319.18711233169563,240.28153013119322,2.7486432416908637,1,0,0,-21,200,387,8190,842,
-244.1598889190439,207.95544567587035,2.1913312555864617,2,0,0,7,521,1010,1019,815,
-67.65699246000857,28.63181778896501,2.427997139227672,3,0,0,-25,139,952,871,666,
13.314610315985313,11.431442762449251,1.837902206670087,4,0,0,154,0,868,610,706,
1.4878306746657906,16.239527383014092,-3.0965262888043763,5,0,0,-140,0,672,1036,688,
14.807396390172691,13.97613081581494,1.976694553262974,6,0,0,-36,0,917,648,580,
16.54882480989898,3.0680207256082213,1.6213005079313942,7,0,0,-98,0,889,647,781,
13.743915049644698,16.303966166456348,0.8273314547405729,8,0,0,-50,0,615,717,8190,
6.542638292416694,16.49175132704147,0.03195040347920089,9,0,0,4,749,619,8190,980,
48.832629550152646,463.88439528870344,0.03255849251858451,10,0,0,1,45,486,8190,851,
52.311439490346146,490.36459654786995,0.22351760429922676,11,0,0,-162,0,474,8191,1059,
32.92172285054297,434.3039671868721,-1.265630038514676,12,0,0,-61,0,1234,883,772,
35.2019719442377,488.45633304470766,-2.0735583642701285,13,0,0,-9,718,923,704,8190,
-160.9319349644044,57.731082018740494,-2.749704284234616,14,0,0,124,0,27656,55809,51714,
-163.0088405105734,73.8738699406274,-1.5517585539212597,15,0,0,56,0,988,8190,427,
-165.41429933067252,98.58308082568237,-0.996476614922268,16,0,0,13,320,65032,4895,40963,
-235.11193207211522,200.36030512612,-0.5256847255882018,17,0,0,-59,0,8191,796,8190,
-245.81826480002616,219.1306219853127,-1.2851442486946028,18,0,0,-18,124,8190,801,314,
-315.12597389536336,168.59740316565876,-1.879752537846478,19,0,0,143,0,564,8190,517,
-315.16083044612253,205.78543297074134,-0.7447868982635399,20,0,0,90,0,8190,685,8190,
-305.8434135417702,201.02442932235272,-0.134772204685663,21,0,0,186,0,909,8190,481,
-293.1109276004818,170.96094681249815,1.236187965567323,22,0,0,71,0,1091,884,8190,
-305.75363332661976,190.646103132583,1.8416479336809557,23,0,0,24,585,1261,966,885,
-102.93652799556361,-61.336713839967615,2.4472760734759316,24,0,0,-100,0,793,926,768,
-97.32666926459959,-64.16524799232468,1.6582312024364496,25,0,0,-51,212,864,714,882,
-25.998244158234364,52.792694086140614,0.6632382178777069,26,0,0,198,0,724,771,8190,
-34.32787255425987,31.490238940139534,2.3114594698687654,27,0,0,-1,95,1085,780,579,
0.932923940055165,20.761385171358143,1.9630720305275307,28,0,0,-112,0,905,666,609,
-1.1809001449211394,17.037813769880927,0.734910148624809,29,0,0,-49,737,655,792,8190,
-61.16690375311869,434.2028150926585,-0.19087899365541405,30,0,0,137,0,686,8190,714,
-56.41089632935285,425.36701390077224,0.8958818694053279,31,0,0,18,212,584,606,8190,
47.21866735450328,448.28612090373326,1.3979665769398466,32,0,0,-91,0,827,479,8191,
42.23396726259887,504.86670577317227,0.5885240351247667,33,0,0,-137,0,464,8191,1188,
33.64820501877506,451.9819341435475,-0.5434537424143618,34,0,0,-107,0,8191,8190,876,
27.99968819335567,443.10982928776366,-1.6890936179961071,35,0,0,-40,660,8190,8190,8191,
-211.73191579348043,148.38854576141466,-2.5645289171137446,36,0,0,167,0,510,417,1081,
-205.09107720610152,159.87431910268924,-1.0628387522804743,37,0,0,1,215,8190,684,522,
-274.71186512169334,170.4975634230036,-0.8136726917312745,38,0,0,19,119,8190,698,415,
-310.12394739390857,235.42811162732983,-0.47090343533209433,39,0,0,-162,0,8191,693,1248,
-316.31652773505124,214.50529345275368,-2.049876690433566,40,0,0,-134,0,508,393,856,
-303.19779608509583,250.0427903162988,2.7963074859155626,41,0,0,-46,649,547,8190,877,
31.28924530650419,110.01582225929178,1.997815059927314,42,0,0,142,0,993,621,555,
20.767387591952318,101.43068891772873,-3.1087029208121204,43,0,0,15,196,790,1190,682,
-10.17163051349624,29.79606652941891,-2.7872879608981687,44,0,0,-58,71,571,798,794,
22.522937674078605,-21.188881833470077,2.489717795989836,45,0,0,-174,0,972,807,614,
23.791546715097887,8.189630852820983,0.8379548429990404,46,0,0,-66,0,599,690,8190,
15.600591424819712,35.344591384951514,0.08098502922686944,47,0,0,1,724,595,8190,966,
204.43032339593753,354.61451656329723,0.4343103529797263,48,0,0,-112,0,304,435,8190,
192.5394591598199,387.26097666612304,-0.824229306153655,49,0,0,-17,309,8191,8190,785,
13.383534002324254,361.39496951361775,-1.5724410439760794,50,0,0,192,0,8190,8190,8191,
35.22485225496059,476.1519546671939,0.13381514641077516,51,0,0,137,0,528,8191,819,
34.58418436618366,385.89834320737873,1.1944444610397928,52,0,0,250,0,733,531,8191,
11.158290355842247,429.5351762099788,-2.960137386219175,53,0,0,80,0,8190,8190,785,
6.820302977608375,388.698989476248,-2.3576393548269676,54,0,0,28,606,916,8190,1256,
-306.97695130717324,193.35521900457616,-2.0969196829435726,55,0,0,230,0,559,8190,808,
-282.8128678238475,196.9846334125482,-0.02108592516100655,56,0,0,246,0,875,8190,520,
-282.5990594769075,174.39171706725483,2.2054168399981595,57,0,0,-7,567,923,1059,849,
24.151209961421777,70.53265659385681,1.9668214361619827,0,0,0,161,0,961,625,580,
10.477567177852865,77.3383097272316,-2.8550298155785407,1,0,0,-13,153,